-- phpMyAdmin SQL Dump
-- version 4.5.4.1deb2ubuntu2.1
-- http://www.phpmyadmin.net
--
-- Host: localhost
-- Generation Time: Jun 04, 2021 at 06:25 PM
-- Server version: 5.7.33-0ubuntu0.16.04.1
-- PHP Version: 7.0.33-0ubuntu0.16.04.16

SET SQL_MODE = "NO_AUTO_VALUE_ON_ZERO";
SET time_zone = "+00:00";


/*!40101 SET @OLD_CHARACTER_SET_CLIENT=@@CHARACTER_SET_CLIENT */;
/*!40101 SET @OLD_CHARACTER_SET_RESULTS=@@CHARACTER_SET_RESULTS */;
/*!40101 SET @OLD_COLLATION_CONNECTION=@@COLLATION_CONNECTION */;
/*!40101 SET NAMES utf8mb4 */;

--
-- Database: `bus64_studyplan`
--

-- --------------------------------------------------------

--
-- Table structure for table `adding_withdrawing`
--

CREATE TABLE `adding_withdrawing` (
  `Add_With_ID` int(10) NOT NULL COMMENT 'รหัสการเพิ่ม-ถอน',
  `Student_ID` varchar(14) NOT NULL COMMENT 'รหัสนักศึกษา',
  `Teacher_ID` varchar(14) NOT NULL COMMENT 'รหัสอาจารย์',
  `Add_Withdraw` enum('เพิ่มรายวิชา','ถอนรายวิชา') NOT NULL COMMENT 'เพิ่ม/ถอน',
  `Subject_ID` varchar(10) NOT NULL COMMENT 'รหัสวิชา',
  `Instructor` text NOT NULL COMMENT 'อาจารย์ผู้สอน',
  `Year_ID` varchar(4) NOT NULL COMMENT 'รหัสปีการศึกษา',
  `Term` int(2) NOT NULL COMMENT 'เทอม',
  `Date` text NOT NULL COMMENT 'วันที่ทำรายการ',
  `Status` enum('รอการอนุมัติ','อนุมัติ','ไม่อนุมัติ') NOT NULL DEFAULT 'รอการอนุมัติ' COMMENT 'สถานะ'
) ENGINE=InnoDB DEFAULT CHARSET=utf8mb4 COMMENT='การเพิ่ม-ถอน';

--
-- Dumping data for table `adding_withdrawing`
--

INSERT INTO `adding_withdrawing` (`Add_With_ID`, `Student_ID`, `Teacher_ID`, `Add_Withdraw`, `Subject_ID`, `Instructor`, `Year_ID`, `Term`, `Date`, `Status`) VALUES
(3, '076260305109-0', '3', 'เพิ่มรายวิชา', 'BA2001101', '', '2563', 2, '26-4-2021', 'อนุมัติ'),
(4, '076260305109-0', '3', 'เพิ่มรายวิชา', 'GE2400108', '', '2563', 2, '26-4-2021', 'อนุมัติ'),
(37, '076260305002-7', '3', 'เพิ่มรายวิชา', 'GE2700101', 'ผู้ช่วยศาสตราจารย์ ดร.วรวิทย์ จันทร์สุวรรณ', '2563', 2, '4-5-2021', 'รอการอนุมัติ'),
(38, '076260305143-9', '4', 'เพิ่มรายวิชา', 'GE2500101', 'fh', '2563', 2, '5-5-2021', 'อนุมัติ'),
(40, '076260305032-4', '3', 'เพิ่มรายวิชา', 'BA2052107', ' อาจารย์ศราวุธ แดงมาก', '2564', 1, '5-5-2021', 'รอการอนุมัติ'),
(42, '076260305003-5', '3', 'เพิ่มรายวิชา', 'BA2053304', 'อาจารย์ปิยพันธ์ สุวรรณเวช', '2563', 1, '5-5-2021', 'รอการอนุมัติ'),
(43, '076260305004-3', '3', 'เพิ่มรายวิชา', 'BA2053304', 'อาจารย์ปิยพันธ์ สุวรรณเวช', '2563', 1, '5-5-2021', 'รอการอนุมัติ'),
(44, '076260305006-8', '3', 'เพิ่มรายวิชา', 'BA2053315', 'อาจารย์พรคิด อั้นขาว', '2563', 1, '5-5-2021', 'รอการอนุมัติ'),
(45, '076260305007-6', '3', 'เพิ่มรายวิชา', 'BA2052107', ' อาจารย์ศราวุธ แดงมาก', '2563', 1, '5-5-2021', 'รอการอนุมัติ'),
(46, '076260305009-2', '3', 'เพิ่มรายวิชา', 'BA2031304', 'อาจารย์เกียรติศักดิ์ ลาภพาณิชยกุล', '2563', 1, '5-5-2021', 'รอการอนุมัติ'),
(47, '076260305033-2', '3', 'เพิ่มรายวิชา', 'BA2053311', 'อาจารย์ณรงค์ฤทธิ์ ธีระเวช', '2563', 1, '5-5-2021', 'รอการอนุมัติ'),
(48, '076260305034-0', '3', 'เพิ่มรายวิชา', 'BA2053311', 'อาจารย์ณรงค์ฤทธิ์ ธีระเวช', '2563', 1, '5-5-2021', 'รอการอนุมัติ'),
(49, '076260305001-9', '3', 'เพิ่มรายวิชา', 'BA2053311', 'อาจารย์ณรงค์ฤทธิ์ ธีระเวช', '2563', 1, '5-5-2021', 'อนุมัติ'),
(51, '076260305001-9', '3', 'เพิ่มรายวิชา', 'BA2053315', 'อาจารย์พรคิด อั้นขาว', '2563', 1, '5-5-2021', 'อนุมัติ'),
(52, '076260305001-9', '3', 'เพิ่มรายวิชา', 'BA2052101', ' อาจารย์ศราวุธ แดงมาก', '2563', 1, '5-5-2021', 'อนุมัติ'),
(55, '076260305001-9', '3', 'ถอนรายวิชา', 'BA2052108', ' อาจารย์ศราวุธ แดงมาก', '2563', 1, '5-5-2021', 'รอการอนุมัติ'),
(61, '076260305018-3', '3', 'เพิ่มรายวิชา', 'BA2052106', 'ณรงค์ฤทธิ์ ธีระเวช	', '2564', 3, '6-5-2021', 'รอการอนุมัติ');

-- --------------------------------------------------------

--
-- Table structure for table `admin`
--

CREATE TABLE `admin` (
  `Admin_ID` varchar(10) NOT NULL COMMENT 'รหัสผู้ดูแลระบบ',
  `Admin_Name` text NOT NULL COMMENT 'ชื่อผู้ดูแลระบบ',
  `Address` text NOT NULL COMMENT 'ที่อยู่',
  `Phone` varchar(10) NOT NULL COMMENT 'เบอร์โทรศัพท์'
) ENGINE=InnoDB DEFAULT CHARSET=utf8mb4 COMMENT='ผู้ดูแลระบบ';

--
-- Dumping data for table `admin`
--

INSERT INTO `admin` (`Admin_ID`, `Admin_Name`, `Address`, `Phone`) VALUES
('01', 'นายทดสอบ ระบบ', '185/8 ถ.สุทธิวาติวิถี ต.ท่าฉลอม อ.เมือง จ.สมุทรสาคร 74000', '0827183510');

-- --------------------------------------------------------

--
-- Table structure for table `brand`
--

CREATE TABLE `brand` (
  `Brand_ID` int(10) NOT NULL COMMENT 'รหัสสาขา',
  `Brand_Name` text NOT NULL COMMENT 'ชื่อสาขา'
) ENGINE=InnoDB DEFAULT CHARSET=utf8mb4 COMMENT='สาขา';

--
-- Dumping data for table `brand`
--

INSERT INTO `brand` (`Brand_ID`, `Brand_Name`) VALUES
(1, 'วิศวกรรมเครื่องกล'),
(2, 'วิศวกรรมอุตสาหการ'),
(3, 'วิศวกรรมคอมพิวเตอร์'),
(4, 'วิศวกรรมไฟฟ้า'),
(5, 'ออกแบบแฟชั่นผ้าและเครื่องแต่งกาย'),
(6, 'อาหารและโภชนาการ'),
(7, 'อุตสาหกรรมการบริการอาหาร'),
(8, 'การบริหารธุรกิจคหกรรมศาสตร'),
(9, 'วิทยาศาสตร์และเทคโนโลยีการอาหาร'),
(10, 'อาหารและโภชนาการ (ต่อเนื่อง)'),
(11, 'เทคโนโลยีสื่อสารมวลชน'),
(12, 'การบัญชี'),
(13, 'การตลาด\n'),
(14, 'การเงิน'),
(15, 'การจัดการ\n'),
(16, 'ระบบสารสนเทศ'),
(17, 'ระบบสารสนเทศ (คอมพิวเตอร์)'),
(18, 'ภาษาอังกฤษธุรกิจ'),
(19, 'ธุรกิจระหว่างประเทศ (หลักสูตรนานาชาติ)'),
(20, 'การวิเคราะห์ข้อมูลทางธุรกิจ'),
(21, 'วิทยาการคอมพิวเตอร์'),
(22, 'วิทยาศาสตร์และเทคโนโลยีสิ่งแวดล้อม'),
(23, 'วัสดุศาสตร์อุตสาหกรรม'),
(24, 'วิทยาการข้อมูลและเทคโนโลยีสารสนเทศ'),
(25, 'วิศวกรรมเมคคาทรอนิกส์และระบบการผลิตอัตโนมัติ'),
(26, 'วิศวกรรมอิเล็กทรอนิกส์และโทรคมนาคม'),
(27, 'วิศวกรรมโยธา'),
(28, 'วิศวกรรมเครื่องมือและแม่พิมพ์'),
(29, 'วิศวกรรมการบำรุงรักษา'),
(30, 'วิศวกรรมการผลิตเครื่องประดับ'),
(31, 'เทคโนโลยีวิศวกรรมนวัตกรรมเพื่อความยั่งยืน (ต่อเนื่อง)'),
(32, 'การท่องเที่ยว'),
(33, 'การโรงแรม'),
(34, 'ภาษาอังกฤษเพื่อการสื่อสารสากล'),
(35, 'ภาษาไทยประยุกต์'),
(36, 'เทคโนโลยีเสื้อผ้า'),
(37, 'นวัตกรรมและเทคโนโลยีสิ่งทอ'),
(38, 'ออกแบบแฟชั่นและสิ่งทอ'),
(39, 'การออกแบบผลิตภัณฑ์อุตสาหกรรม'),
(40, 'การออกแบบบรรจุภัณฑ์และการพิมพ์'),
(41, 'สถาปัตยกรรม');

-- --------------------------------------------------------

--
-- Table structure for table `course`
--

CREATE TABLE `course` (
  `Course_ID` varchar(14) NOT NULL COMMENT 'รหัสหลักสูตร',
  `Course_Name` text NOT NULL COMMENT 'ชื่อหลักสูตร',
  `Course_Allcredit` int(3) NOT NULL COMMENT 'หน่วยกิตทั้งหมดของหลักสูตร'
) ENGINE=InnoDB DEFAULT CHARSET=utf8mb4 COMMENT='หลักสูตร';

--
-- Dumping data for table `course`
--

INSERT INTO `course` (`Course_ID`, `Course_Name`, `Course_Allcredit`) VALUES
('6128030901', 'บริหารธุรกิจบัณฑิต สาขาวิชาระบบสารสนเทศ-พัฒนาซอฟต์แวร์', 133);

-- --------------------------------------------------------

--
-- Table structure for table `education_level`
--

CREATE TABLE `education_level` (
  `Edu_Level_ID` int(10) NOT NULL COMMENT 'รหัสระดับการศึกษา',
  `Edu_Level_Name` text NOT NULL COMMENT 'ชื่อระดับการศึกษา'
) ENGINE=InnoDB DEFAULT CHARSET=utf8mb4 COMMENT='ระดับการศึกษา';

--
-- Dumping data for table `education_level`
--

INSERT INTO `education_level` (`Edu_Level_ID`, `Edu_Level_Name`) VALUES
(1, 'ปริญญาตรี'),
(2, 'ปริญญาตรี (ต่อเนื่อง)'),
(3, 'ปริญญาตรี (เทียบโอน)'),
(4, 'ปริญญาโท'),
(5, 'ปริญญาเอก');

-- --------------------------------------------------------

--
-- Table structure for table `faculty`
--

CREATE TABLE `faculty` (
  `Faculty_ID` int(10) NOT NULL COMMENT 'รหัสคณะ',
  `Faculty_Name` text NOT NULL COMMENT 'ชื่อคณะ'
) ENGINE=InnoDB DEFAULT CHARSET=utf8mb4 COMMENT='คณะ';

--
-- Dumping data for table `faculty`
--

INSERT INTO `faculty` (`Faculty_ID`, `Faculty_Name`) VALUES
(1, 'ครุศาสตร์อุตสาหกรรม'),
(2, 'เทคโนโลยีคหกรรมศาสตร์'),
(3, 'เทคโนโลยีสื่อสารมวลชน'),
(4, 'บริหารธุรกิจ'),
(5, 'วิทยาศาสตร์และเทคโนโลยี'),
(6, 'วิศวกรรมศาสตร์'),
(7, 'ศิลปศาสตร์'),
(8, 'อุตสาหกรรมสิ่งทอและออกแบบแฟชั่น'),
(9, 'สถาปัตยกรรมศาสตร์และการออกแบบ');

-- --------------------------------------------------------

--
-- Table structure for table `field_of_study`
--

CREATE TABLE `field_of_study` (
  `Field_of_Study_ID` int(10) NOT NULL COMMENT 'รหัสแขนงวิชา',
  `Field_of_Study_Name` text NOT NULL COMMENT 'ชื่อแขนงวิชา'
) ENGINE=InnoDB DEFAULT CHARSET=utf8mb4 COMMENT='แขนงวิชา';

--
-- Dumping data for table `field_of_study`
--

INSERT INTO `field_of_study` (`Field_of_Study_ID`, `Field_of_Study_Name`) VALUES
(1, '----'),
(2, 'วิศวกรรมไฟฟ้ากำลัง'),
(3, 'วิศวกรรมอิเล็กทรอนิกส์และโทรคมนาคม'),
(4, 'การบัญชีบริหาร'),
(5, 'การบัญชีการเงิน'),
(6, 'การสอบบัญชี'),
(7, 'เศรษฐศาสตร์ดิจิทัล'),
(8, 'การจัดการโลจิสติกส์และห่วงโซ่อุปทาน'),
(9, 'พัฒนาซอฟแวร์'),
(10, 'คอมพิวเตอรธุรกิจ'),
(11, 'บริหารธุรกิจดิจิทัล'),
(12, 'ออกแบบแฟชั่น'),
(13, 'ออกแบบผลิตภัณฑ์');

-- --------------------------------------------------------

--
-- Table structure for table `group_main`
--

CREATE TABLE `group_main` (
  `Main_ID` varchar(10) NOT NULL COMMENT 'รหัสหมวดวิชา',
  `Course_ID` varchar(14) DEFAULT NULL,
  `Main_Name` text COMMENT 'ชื่อหมวดวิชา',
  `Main_Credit` int(3) DEFAULT NULL COMMENT 'หน่วยกิตหมวดวิชา'
) ENGINE=InnoDB DEFAULT CHARSET=utf8mb4 COMMENT='หมวดวิชา';

--
-- Dumping data for table `group_main`
--

INSERT INTO `group_main` (`Main_ID`, `Course_ID`, `Main_Name`, `Main_Credit`) VALUES
('ก', '6128030901', 'หมวดวิชาศึกษาทั่วไป', 30),
('ข', '6128030901', 'หมวดวิชาเฉพาะ', 97),
('ค', '6128030901', 'หมวดวิชาเลือกเสรี', 6);

-- --------------------------------------------------------

--
-- Table structure for table `institution`
--

CREATE TABLE `institution` (
  `Institution_ID` int(10) NOT NULL COMMENT 'รหัสสถาบันเดิม',
  `Institution_Name` text NOT NULL COMMENT 'ชื่อสถาบันเดิม'
) ENGINE=InnoDB DEFAULT CHARSET=utf8mb4 COMMENT='สถาบันเดิม';

--
-- Dumping data for table `institution`
--

INSERT INTO `institution` (`Institution_ID`, `Institution_Name`) VALUES
(1, 'วิทยาลัยเทคโนโลยีตั้งตรงจิตรบริหารธุรกิจ'),
(2, 'วิทยาลัยเทคนิคสมุทรสาคร'),
(3, 'วิทยาลัยเทคนิคสุพรรณบุรี'),
(4, 'วิทยาลัยเทคนิคชัยนาท'),
(5, 'วิทยาลัยเทคนิคสมุทรสงคราม'),
(6, 'วิทยาลัยเทคโนโลยีสยามบริหารธุรกิจ'),
(7, 'วิทยาลัยเทคโนโลยีสยามบริหารธุรกิจ นนทบุรี'),
(8, 'วิทยาลัยเทคนิคอุตรดิตถ์');

-- --------------------------------------------------------

--
-- Table structure for table `sec`
--

CREATE TABLE `sec` (
  `Sec_ID` int(10) NOT NULL COMMENT 'รหัสกลุ่ม',
  `Sec_Name` text NOT NULL COMMENT 'ชื่อกลุ่ม'
) ENGINE=InnoDB DEFAULT CHARSET=utf8mb4 COMMENT='กลุ่ม';

--
-- Dumping data for table `sec`
--

INSERT INTO `sec` (`Sec_ID`, `Sec_Name`) VALUES
(1, 'ทรพ.62/1'),
(2, 'ทรพ.62/2'),
(3, 'ทรพ.63/1'),
(4, 'ทรพ.63/2'),
(5, 'ทรพ.64/1');

-- --------------------------------------------------------

--
-- Table structure for table `structure`
--

CREATE TABLE `structure` (
  `Structure_ID` int(10) NOT NULL COMMENT 'รหัสโครงสร้างหลักสูตร',
  `Subject_ID` varchar(10) NOT NULL COMMENT 'รหัสวิชา',
  `Course_ID` varchar(14) NOT NULL COMMENT 'รหัสหลักสูตร',
  `Main_ID` varchar(10) NOT NULL COMMENT 'รหัสหมวดวิชา',
  `Group_ID` varchar(10) NOT NULL COMMENT 'รหัสกลุ่มวิชา'
) ENGINE=InnoDB DEFAULT CHARSET=utf8mb4 COMMENT='โครงสร้างหลักสูตร';

--
-- Dumping data for table `structure`
--

INSERT INTO `structure` (`Structure_ID`, `Subject_ID`, `Course_ID`, `Main_ID`, `Group_ID`) VALUES
(1, 'BA2001101', '6128030901', 'ข', 'ข.1'),
(2, 'BA2001301', '6128030901', 'ข', 'ข.1'),
(3, 'BA2021101', '6128030901', 'ข', 'ข.1'),
(4, 'BA2031101', '6128030901', 'ข', 'ข.1'),
(5, 'BA2031202', '6128030901', 'ข', 'ข.1'),
(6, 'BA2031203', '6128030901', 'ข', 'ข.1'),
(7, 'BA2031304', '6128030901', 'ข', 'ข.1'),
(8, 'BA2031305', '6128030901', 'ข', 'ข.1'),
(9, 'BA2041101', '6128030901', 'ข', 'ข.1'),
(10, 'BA2041102', '6128030901', 'ข', 'ข.1'),
(11, 'BA2050303', '6128030901', 'ข', 'ข.3'),
(12, 'BA2051101', '6128030901', 'ข', 'ข.1'),
(13, 'BA2052101', '6128030901', 'ข', 'ข.2'),
(14, 'BA2052102', '6128030901', 'ข', 'ข.2'),
(15, 'BA2052103', '6128030901', 'ข', 'ข.2'),
(16, 'BA2052104', '6128030901', 'ข', 'ข.2'),
(17, 'BA2052105', '6128030901', 'ข', 'ข.2'),
(18, 'BA2052106', '6128030901', 'ข', 'ข.2'),
(19, 'BA2052107', '6128030901', 'ข', 'ข.2'),
(20, 'BA2052108', '6128030901', 'ข', 'ข.2'),
(21, 'BA2052109', '6128030901', 'ข', 'ข.2'),
(22, 'BA2052110', '6128030901', 'ข', 'ข.2'),
(23, 'BA2052111', '6128030901', 'ข', 'ข.2'),
(24, 'BA2052112', '6128030901', 'ข', 'ข.2'),
(25, 'BA2052113', '6128030901', 'ข', 'ข.2'),
(26, 'BA2052114', '6128030901', 'ข', 'ข.2'),
(27, 'BA2052115', '6128030901', 'ข', 'ข.2'),
(28, 'BA2053301', '6128030901', 'ข', 'ข.3'),
(29, 'BA2053302', '6128030901', 'ข', 'ข.3'),
(30, 'BA2053303', '6128030901', 'ข', 'ข.3'),
(31, 'BA2053304', '6128030901', 'ข', 'ข.3'),
(32, 'BA2053305', '6128030901', 'ข', 'ข.3'),
(33, 'BA2053306', '6128030901', 'ข', 'ข.3'),
(34, 'BA2053307', '6128030901', 'ข', 'ข.3'),
(35, 'BA2053308', '6128030901', 'ข', 'ข.3'),
(36, 'BA2053309', '6128030901', 'ข', 'ข.3'),
(37, 'BA2053310', '6128030901', 'ข', 'ข.3'),
(38, 'BA2053311', '6128030901', 'ข', 'ข.3'),
(39, 'BA2053312', '6128030901', 'ข', 'ข.3'),
(40, 'BA2053313', '6128030901', 'ข', 'ข.3'),
(41, 'BA2053314', '6128030901', 'ข', 'ข.3'),
(42, 'BA2053315', '6128030901', 'ข', 'ข.3'),
(43, 'BA2053316', '6128030901', 'ข', 'ข.3'),
(44, 'BA2061101', '6128030901', 'ข', 'ข.1'),
(45, 'GE2100101', '6128030901', 'ก', 'ก.1'),
(46, 'GE2100102', '6128030901', 'ก', 'ก.1'),
(47, 'GE2100103', '6128030901', 'ก', 'ก.1'),
(48, 'GE2100104', '6128030901', 'ก', 'ก.1'),
(49, 'GE2100105', '6128030901', 'ก', 'ก.1'),
(50, 'GE2200102', '6128030901', 'ก', 'ก.2'),
(51, 'GE2200101 ', '6128030901', 'ก', 'ก.2'),
(52, 'GE2200103', '6128030901', 'ก', 'ก.2'),
(53, 'GE2200104', '6128030901', 'ก', 'ก.2'),
(54, 'GE2200105 ', '6128030901', 'ก', 'ก.2'),
(55, 'GE2200106 ', '6128030901', 'ก', 'ก.2'),
(56, 'GE2200107', '6128030901', 'ก', 'ก.2'),
(57, 'GE2201101', '6128030901', 'ก', 'ก.2'),
(58, 'GE2201102', '6128030901', 'ก', 'ก.2'),
(59, 'GE2300101', '6128030901', 'ก', 'ก.3'),
(60, 'GE2300102', '6128030901', 'ก', 'ก.3'),
(61, 'GE2300103', '6128030901', 'ก', 'ก.3'),
(62, 'GE2300104', '6128030901', 'ก', 'ก.3'),
(63, 'GE2300105', '6128030901', 'ก', 'ก.3'),
(64, 'GE2300106', '6128030901', 'ก', 'ก.3'),
(65, 'GE2300107', '6128030901', 'ก', 'ก.3'),
(66, 'GE2300108', '6128030901', 'ก', 'ก.3'),
(67, 'GE2300109', '6128030901', 'ก', 'ก.3'),
(68, 'GE2400101', '6128030901', 'ก', 'ก.3'),
(69, 'GE2400102', '6128030901', 'ก', 'ก.3'),
(70, 'GE2400103', '6128030901', 'ก', 'ก.3'),
(71, 'GE2400104', '6128030901', 'ก', 'ก.3'),
(72, 'GE2400105', '6128030901', 'ก', 'ก.3'),
(73, 'GE2400106', '6128030901', 'ก', 'ก.3'),
(74, 'GE2400107', '6128030901', 'ก', 'ก.3'),
(75, 'GE2400108', '6128030901', 'ก', 'ก.3'),
(76, 'GE2500101', '6128030901', 'ก', 'ก.4'),
(77, 'GE2500102', '6128030901', 'ก', 'ก.4'),
(78, 'GE2500103', '6128030901', 'ก', 'ก.4'),
(79, 'GE2500104', '6128030901', 'ก', 'ก.4'),
(80, 'GE2500105', '6128030901', 'ก', 'ก.4'),
(81, 'GE2600101', '6128030901', 'ก', 'ก.5'),
(82, 'GE2600102', '6128030901', 'ก', 'ก.5'),
(83, 'GE2600103', '6128030901', 'ก', 'ก.5'),
(84, 'GE2700101', '6128030901', 'ก', 'ก.5'),
(85, 'GE2700102', '6128030901', 'ก', 'ก.5'),
(86, 'GE2800101', '6128030901', 'ก', 'ก.6'),
(87, 'GE2800102', '6128030901', 'ก', 'ก.6'),
(88, 'GE2800103', '6128030901', 'ก', 'ก.6'),
(89, 'GE2800104', '6128030901', 'ก', 'ก.6'),
(90, 'GE2800105', '6128030901', 'ก', 'ก.6'),
(91, 'GE2820101', '6128030901', 'ก', 'ก.6'),
(92, 'GE2820102', '6128030901', 'ก', 'ก.6'),
(93, 'GE2820103', '6128030901', 'ก', 'ก.6');

-- --------------------------------------------------------

--
-- Table structure for table `student`
--

CREATE TABLE `student` (
  `Student_ID` varchar(14) NOT NULL COMMENT 'รหัสนักศึกษา',
  `Student_Name` text NOT NULL COMMENT 'ชื่อนักศึกษา',
  `Edu_Level_ID` int(10) NOT NULL COMMENT 'รหัสระดับการศึกษา',
  `Year` int(2) NOT NULL COMMENT 'ชั้นปี',
  `Faculty_ID` int(10) NOT NULL COMMENT 'รหัสคณะ',
  `Brand_ID` int(10) NOT NULL COMMENT 'รหัสสาขาวิชา',
  `Field_of_Study_ID` int(10) NOT NULL COMMENT 'รหัสแขนงวิชา',
  `Sec_ID` int(10) NOT NULL COMMENT 'รหัสกลุ่ม',
  `Teacher_ID` varchar(14) NOT NULL COMMENT 'รหัสอาจารย์',
  `Institution_ID` int(10) NOT NULL COMMENT 'รหัสสถาบันเดิม',
  `Address` text NOT NULL COMMENT 'ที่อยู่',
  `Phone` varchar(10) NOT NULL COMMENT 'เบอร์โทรศัพท์'
) ENGINE=InnoDB DEFAULT CHARSET=utf8mb4 COMMENT='นักศึกษา';

--
-- Dumping data for table `student`
--

INSERT INTO `student` (`Student_ID`, `Student_Name`, `Edu_Level_ID`, `Year`, `Faculty_ID`, `Brand_ID`, `Field_of_Study_ID`, `Sec_ID`, `Teacher_ID`, `Institution_ID`, `Address`, `Phone`) VALUES
('076260305001-9', 'นางสาวอารีนา นาลักษณ์', 3, 2, 4, 16, 9, 1, '3', 3, '22/22', '0871235678'),
('076260305002-7', 'นายดนุพล ตั้งตัว', 3, 2, 4, 16, 9, 1, '3', 4, '33/33', '9924678901'),
('076260305003-5', 'นายกิจจา เวชาคม', 3, 2, 4, 16, 9, 1, '3', 3, '44/44', '0874764531'),
('076260305004-3', 'นายรุ่งวิทย์ สุภาพ', 3, 2, 4, 16, 9, 1, '3', 1, '10/10', '0975674321'),
('076260305006-8', 'นายธนพล เอ้องค์', 3, 2, 4, 16, 9, 1, '3', 4, '99/99', '0995901234'),
('076260305007-6', 'นางสาวกฤติยา  สุคลธา', 3, 2, 4, 16, 9, 1, '3', 2, '55/55', '0968907654'),
('076260305009-2', 'นายภวัต กล้าผจญ', 3, 2, 4, 16, 9, 1, '3', 1, '55/55', '0957890123'),
('076260305018-3', 'กรวิทย์ คำภิมาบุตร', 3, 2, 4, 16, 9, 1, '3', 7, 'อยู่ไหนก็ได้โตแล้ว', '0623961942'),
('076260305032-4', 'นางสาวรมิตา กลัดลาย', 3, 2, 4, 16, 9, 1, '3', 1, '66/66', '0967893456'),
('076260305033-2', 'นางสาวสุชาดา แซ่เล', 3, 2, 4, 16, 9, 1, '3', 1, '88/88', '0985670923'),
('076260305034-0', 'นายกรณัฐ วาสบรรจง', 3, 2, 4, 16, 9, 1, '3', 2, '77/77', '0878901234'),
('076260305107-4', 'นายกฤติน เจริญสุข', 3, 2, 4, 16, 9, 2, '4', 5, '11/11', '0819124567'),
('076260305109-0', 'นางสาวสิริวรรณ จันทร์แก้ว', 3, 2, 4, 16, 9, 2, '4', 1, '185/8 ถ.สุทธิวาติวิถี ต.ท่าฉลอม อ.เมือง จ.สมุทรสาคร 74000', '0910123456'),
('076260305112-4', 'นางสาวกัลยารัตน์ เซียน้อย', 3, 2, 4, 16, 9, 2, '4', 1, '185/8', '0979980112'),
('076260305119-9', 'นางสาวอริสา เจียมศิริกาญน์', 3, 2, 4, 16, 9, 2, '4', 1, '11/11', '0910123456'),
('076260305143-9', 'นายทรงพล คุ้มคำ', 3, 2, 4, 16, 9, 2, '4', 1, '185/8 ถ.สุทธิวาติวิถี ต.ท่าฉลอม อ.เมือง จ.สมุทรสาคร 74000', '0827183510'),
('076260305148-8', 'ปรียานุช วรรณพฤกษ์', 3, 2, 4, 16, 9, 2, '4', 1, '122', '0827183510');

-- --------------------------------------------------------

--
-- Table structure for table `subject`
--

CREATE TABLE `subject` (
  `Subject_ID` varchar(10) NOT NULL COMMENT 'รหัสรายวิชา',
  `Main_ID` varchar(10) NOT NULL COMMENT 'รหัสหมวดวิชา',
  `Group_ID` varchar(10) NOT NULL COMMENT 'รหัสกลุ่มวิชา',
  `Subject_Name` text NOT NULL COMMENT 'ชื่อวิชา',
  `Subject_Credit` int(2) NOT NULL COMMENT 'หน่วยกิต',
  `Subject_Detail` text NOT NULL COMMENT 'คำอธิบายรายวิชา'
) ENGINE=InnoDB DEFAULT CHARSET=utf8mb4 COMMENT='รายวิชา';

--
-- Dumping data for table `subject`
--

INSERT INTO `subject` (`Subject_ID`, `Main_ID`, `Group_ID`, `Subject_Name`, `Subject_Credit`, `Subject_Detail`) VALUES
('BA2001101', 'ข', 'ข.1', 'การบัญชีสำหรับผู้มิใช่นักบัญชี', 3, 'สภาพทั่วไปทางการบัญชี ความรู้พื้นฐานทางการบัญชี กระบวนการจัดทำบัญชีของธุรกิจบริการ ธุรกิจพาณิชยกรรม ธุรกิจอุตสาหกรรม การวิเคราะห์รายงานทางการเงิน การประยุกต์ใช้ระบบสารสนเทศทางการบัญชี'),
('BA2001301', 'ข', 'ข.1', 'การเตรียมความพร้อมสหกิจศึกษา', 1, 'กระบวนการสหกิจศึกษา การเลือกสถานประกอบการ และการสมัครงาน การสัมภาษณ์งานอาชีพ การพัฒนาบุคลิกภาพ กฎหมายแรงงาน และจรรยาบรรณวิชาชีพ ระบบคุณภาพ และความปลอดภัยการเขียนรายงาน และการนำเสนองาน'),
('BA2021101', 'ข', 'ข.1', 'หลักการตลาด', 3, 'บทบาทและความสำคัญของการตลาด และหน้าที่ทางการตลาด การแบ่งตลาด และพฤติกรรมการซื้อ ส่วนประสมทางการตลาด และการกำหนดกลยุทธ์ส่วนประสมทางการตลาด ระบบข้อมูลทางการตลาดและการตลาดธุรกิจบริการ การตลาดทางตรง และการตลาดระหว่างประเทศ การประยุกต์ เทคโนโลยีสมัยใหม่ในกิจกรรมทางการตลาด จริยธรรมทางการตลาดและกรณีศึกษา'),
('BA2031101', 'ข', 'ข.1', 'หลักการจัดการ', 3, 'ทฤษฎีและวิวัฒนาการทางการจัดการ สภาพแวดล้อมองค์การ การวางแผน การจัดองค์การ การบริหารทรัพยากรมนุษย์ การชี้นำการควบคุม'),
('BA2031202', 'ข', 'ข.1', 'การภาษีอากร', 3, 'โครงสร้างภาษีอากร หลักเกณฑ์ วิธีการประเมิน และการจัดเก็บภาษีอากร ตามประมวลรัษฎากรภาษีเงินได้บุคคลธรรมดา ภาษีเงินได้นิติบุคคล ภาษีมูลค่าเพิ่ม ภาษีธุรกิจเฉพาะ อากรแสตมป์ ภาษีศุลกากร ภาษีสรรพสามิตและภาษีท้องถิ่น'),
('BA2031203', 'ข', 'ข.1', 'กฎหมายธุรกิจ', 3, 'บทเบ็ดเสร็จทั่วไป บุคคล ทรัพย์ นิติกรรม สัญญา ละเมิด ซื้อขาย เช่าทรัพย์ เช่าซื้อจ้างแรงงาน จ้างทำของ ยืมค้ำประกัน จำนอง จำนำ ตัวแทน นายหน้า และทรัพย์สินทางปัญญา'),
('BA2031304', 'ข', 'ข.1', 'การวิเคราะห์เชิงปริมาณทางธุรกิจ', 3, 'การวิเคราะห์โดยวิธีการตัดสินใจเชิงวิทยาศาสตร์ การตัดสินใจภายใต้สภาวะแน่นอนและไม่แน่นอน การควบคุมสินค้าคงคลัง การโปรแกรมเชิงเส้น เทคนิคการควบคุม และประเมินผลโครงการแบบจำลองแถวคอย การจำลองสถานการณ์'),
('BA2031305', 'ข', 'ข.1', 'ธุรกิจเพื่อสังคม', 3, 'รูปแบบ วิธีการดำเนินธุรกิจของกิจการเพื่อสังคม การประยุกต์หลักการบริหารธุรกิจ ที่นำไปใช้ในกิจการเพื่อสังคม การวิเคราะห์ปัญหาอุปสรรคโดยเน้นการใช้นวัตกรรม ในการแก้ไขปัญหาเพื่อสร้างความยั่งยืนของกิจการเพื่อสังคม ฝึกวิเคราะห์และเขียนแผนธุรกิจของกิจการเพื่อสังคม รวมถึงการศึกษากรณีศึกษาจากกิจกรรมเพื่อสังคมทั้งภายในประเทศ และต่างประเทศ'),
('BA2041101', 'ข', 'ข.1', 'หลักเศรษฐศาสตร์', 3, 'ข้อมูลทางเศรษฐศาสตร์ อุปสงค์ อุปทานและการกำหนดราคา ทฤษฎีการผลิต ตลาดแข่งขันสมบูรณ์และตลาดแข่งขันไม่สมบูรณ์ รายได้ประชาชาติ การเงินและการธนาคารและนโยบายการเงินนโยบายการคลัง เศรษฐศาสตร์ระหว่างประเทศ การพัฒนาเศรษฐกิจ'),
('BA2041102', 'ข', 'ข.1', 'การเงินธุรกิจ', 3, 'ข้อมูลทางการเงิน การวิเคราะห์อัตราส่วนทางการเงิน การพยากรณ์ และวางแผนทางการเงิน การบริหารเงินทุนหมุนเวียน งบจ่ายลงทุนโครงสร้างทางการเงิน และการจัดหาเงินทุน มูลค่าของเงินตามเวลา การเงินระหว่างประเทศ'),
('BA2050303', 'ข', 'ข.3', 'การฝึกงานทางระบบสารสนเทศ', 3, 'การฝึกปฏิบัติงานในองค์กรต่างๆ หรือสถานประกอบการ ในลักษณะงานที่เกี่ยวข้องการพัฒนาซอฟต์แวร์ โดยมีจำนวนชั่วโมงไม่น้อยกว่า 8 สัปดาห์ และจัดทำรายงานสรุปผลการฝึกงานเมื่อสิ้นสุดการฝึกงาน'),
('BA2051101', 'ข', 'ข.1', 'ระบบสารสนเทศเพื่องานธุรกิจ', 3, 'บทบาทของระบบสารสนเทศในงานธุรกิจ การประยุกต์ใช้ระบบสารสนเทศในงานธุรกิจทั้งในระดับบุคคลและระดับองค์กร ประเภทของการใช้ระบบสารสนเทศในองค์กร เทคโนโลยีคอมพิวเตอร์ในปัจจุบัน การใช้งานระบบปฏิบัติการ การใช้งานระบบเครือข่ายคอมพิวเตอร์และอินเทอร์เน็ต การประยุกต์ใช้ซอฟต์แวร์ในสำนักงานด้านงานเอกสาร งานนำเสนอ และงานตารางคำนวณ การจัดทำจดหมายเวียน การใช้ซอฟต์แวร์ตารางคำนวณเพื่อวิเคราะห์ยอดขาย'),
('BA2052101', 'ข', 'ข.2', 'พื้นฐานคอมพิวเตอร์และเทคโนโลยีสารสนเทศ', 3, 'บทบาทของเทคโนโลยีสารสนเทศและการสื่อสาร ประวัติของคอมพิวเตอร์และการระบบดิจิทัล องค์ประกอบคอมพิวเตอร์ ซอฟต์แวร์ประเภทต่างๆ แพลตฟอร์มคอมพิวเตอร์ ข้อมูล และการบริหารข้อมูล เครือข่าย และการสื่อสาร อินเทอร์เน็ตและเวิลด์ไวด์เว็บ ระบบประมวลผล ภัยคุกคาม และความมั่นคงของระบบ จริยธรรมและสังคมไซเบอร์'),
('BA2052102', 'ข', 'ข.2', 'จริยกธรรมทางวิชาชีพคอมพิวเตอร์', 3, 'จริยธรรม และจรรยาบรรณในการใช้คอมพิวเตอร์ ระเบียบวินัยในการทำงานด้วย คอมพิวเตอร์ วัฒนธรรมในองค์กร หน้าที่ และความรับผิดชอบ ความน่าเชื่อถือ ความซื่อสัตย์สุจริตในวิชาชีพ มารยาทในการทำงาน และการเข้าสังคมธุรกิจ แนวปฏิบัติเพื่อส่งเสริมจริยธรรมทางวิชาชีพคอมพิวเตอร์'),
('BA2052103', 'ข', 'ข.2', 'ระบบสารสนเทศเพื่อการจัดการ', 3, 'ระบบสารสนเทศ และโครงสร้างพื้นฐาน องค์กร และการจัดการ บทบาทของระบบสารสนเทศในองค์กร กลยุทธ์การนำระบบสารสนเทศเพื่อใช้ปรับเปลี่ยนองค์กร และการพัฒนาระบบสารสนเทศ การบริหารทรัพย์สินระบบสารสนเทศ ระบบสนับสนุนการตัดสินใจ คลังข้อมูล และเหมืองข้อมูลการบูรณาการระบบสารสนเทศ'),
('BA2052104', 'ข', 'ข.2', 'การวิเคราะห์และออกแบบระบบ', 3, 'องค์ประกอบของระบบ ทางเลือกวิธีการพัฒนาระบบ วัฏจักรการพัฒนาระบบงานการวิเคราะห์ความต้องการ แผนภาพแสดงแบบจำลอง เอกสารความต้องการ การออกแบบระบบ การสร้างซอฟต์แวร์ต้นแบบ เอกสารทางเทคนิคของการออกแบบ การนำเสนอผลการวิเคราะห์และออกแบบ'),
('BA2052105', 'ข', 'ข.2', 'ความมั่นคงของระบบสารสนเทศ', 3, 'ความปลอดภัยของข้อมูล ประเภทของภัยคุกคาม และการป้องกัน การพิสูจน์ทราบในระบบคอมพิวเตอร์ กฎหมายเกี่ยวกับการละเมิดสิทธิ์ ไวรัสคอมพิวเตอร์ นโยบาย และการปฏิบัติเพื่อความมั่นคงของระบบ การจัดการ และการบริการด้านความมั่นคง การสร้างลักษณะนิสัยเพื่อความปลอดภัยในการทำงาน'),
('BA2052106', 'ข', 'ข.2', 'ระบบฐานข้อมูล', 3, 'หลักสำคัญของระบบฐานข้อมูล สถาปัตยกรรมของระบบฐานข้อมูล คุณสมบัติของฐานข้อมูล ระบบจัดการฐานข้อมูล ภาษา SQL การออกแบบฐานข้อมูล ความมั่นคงของฐานข้อมูล การดูแลระบบฐานข้อมูล'),
('BA2052107', 'ข', 'ข.2', 'ระบบปฏิบัติการ', 3, 'ความหมาย และวิวัฒนาการของระบบปฏิบัติการ ประเภทของระบบปฏิบัติการ หน้าที่ของระบบปฏิบัติการ องค์ประกอบของระบบปฏิบัติการ การจัดการโปรเซส การจัดการเทรด การจัดการหน่วยความจำการจัดการตัวประมวลผล การจัดการอุปกรณ์ การจัดการข้อมูล และแนวคิดระบบปฏิบัติการแบบใหม่'),
('BA2052108', 'ข', 'ข.2', 'เครือข่ายคอมพิวตอร์', 3, 'องค์ประกอบของระบบเครือข่าย มาตรฐานแบบ จำลองโอเอสไอ โทโพโลยีอุปกรณ์เครือข่ายโปรโตคอล และสื่อสัญญาณ ระบบเครือข่ายระดับและประเภทต่างๆ การจัดการเครือข่าย ภัยคุกคาม และการจัดการความมั่นคงของเครือข่าย'),
('BA2052109', 'ข', 'ข.2', 'ทักษะการใช้ซอฟต์แวร์คอมพิวเตอร์', 3, 'การใช้ซอฟต์แวร์สำเร็จรูปทางธุรกิจหรือประยุกต์ซอฟต์แวร์สำเร็จรูปทั่วไปเป็นเครื่องมือในงานธุรกิจแต่ละด้านได้อย่างเหมาะสม'),
('BA2052110', 'ข', 'ข.2', 'การเขียนโปรแกรมคอมพิวเตอร์', 3, 'หลักสำคัญเกี่ยวกับการเขียนโปรแกรม ชนิดของข้อมูลและการประกาศตัวแปร คำสั่งรับ และแสดงผลข้อมูลนิพจน์ และตัวกระทำการ คำสั่งเงื่อนไข คำสั่งวนรอบ ข้อมูลแบบอาร์เรย์ โปรแกรมย่อย และฟังก์ชัน การพัฒนาโปรแกรมเพื่อทำงานบนระบบต่างๆ การเขียนโปรแกรมเชิงวัตถุ'),
('BA2052111', 'ข', 'ข.2', 'โครงสร้างข้อมูลและขั้นตอนวิธี', 3, 'โครงสร้างข้อมูล โครงสร้างข้อมูลแบบแถวลำดับ โครงสร้างข้อมูลแบบรายการโครงสร้างข้อมูลแบบรายการโยง โครงสร้างข้อมูลแบบต้นไม้ โครงสร้างข้อมูลแบบกราฟ การเขียนขั้นตอนวิธีฟังก์ชั่นรีเคอร์ซีฟ และการวิเคราะห์ขั้นตอนวิธีการจัดเรียงลำดับข้อมูลแบบต่างๆ การค้นหาข้อมูล การประยุกต์โครงสร้างข้อมูลเพื่อแก้ปัญหาในธุรกิจ'),
('BA2052112', 'ข', 'ข.2', 'การเขียนโปรกรมระบบเว็บ', 3, 'ภาษามาตรฐานของเว็บ การออกแบบส่วนติดต่อผู้ใช้ การสร้างเว็บแบบสแตติกและไดนามิก สภาวะแวดล้อมของเว็บแอพพลิเคชัน การโปรแกรมฝั่งลูกข่าย การสร้างโปรแกรมฝั่งแม่ข่าย กลไกคุกกี้ และการสร้างเว็บที่เก็บสถานะ ระบบประมวลผลร่วมกับฐานข้อมูล ข้อคำนึงถึงด้านความมั่นคงของระบบงาน'),
('BA2052113', 'ข', 'ข.2', 'คณิตศาสตร์คอมพิวเตอร์ ', 3, 'ระบบเลขฐานที่ใช้ในคอมพิวเตอร์ การแปลงเลขฐาน การบวกลบคูณ และหารของเลขฐาน วิธีการแทนข้อมูลในคอมพิวเตอร์ ทฤษฎีเซต ตรรกศาสตร์ ลอจิกเกต และพีชคณิตแบบบูลีน'),
('BA2052114', 'ข', 'ข.2', 'คอมพิวเตอร์กราฟิกส์ ', 3, 'คอมพิวเตอร์กราฟิกส์ องค์ประกอบพื้นฐานของคอมพิวเตอร์กราฟิกส์ฟอร์แมตภาพโมเดลสี โหมดของภาพ การจัดองค์ประกอบภาพ การสร้างภาพ 2 มิติ การตกแต่งและดัดแปลงรูปภาพ การสร้างตัวอักษร การสร้างภาพ 3 มิติ การออกแบบสัญลักษณ์และตราสัญลักษณ์ การประยุกต์ใช้คอมพิวเตอร์กราฟิกส์'),
('BA2052115', 'ข', 'ข.2', 'การออกแบบและสร้างเว็บเพจ', 3, 'เว็บไซต์ คำสั่งพื้นฐานของภาษา HTML การออกแบบเว็บเพจ การแสดงข้อความรูปภาพ การสร้างการเชื่อมโยง การแสดงมัลติมีเดีย การสร้างเลเยอร์ และตาราง การสร้างเฟรมและฟอร์ม การอัพโหลดเว็บเพจ เทคนิคการสร้างสีสันให้เว็บเพจ การจัดรูปแบบการแสดงผลด้วย CSS (Cascading StyleSheet) การใช้ Bootstrap การออกแบบเว็บไชต์ให้รองรับหน้าจอของอุปกรณ์ทุกชนิด (responsive webdesign)'),
('BA2053301', 'ข', 'ข.3', 'โครงงานการพัฒนาซอฟต์แวร์ ', 3, 'ศึกษาค้นคว้าและพัฒนาโครงงานทางด้านคอมพิวเตอร์ โดยเลือกหัวข้อ รวบรวม และวิเคราะห์ข้อมูล การออกแบบและพัฒนา การออกแบบเครื่องมือหรือซอฟต์แวร์สำหรับหน่วยงานได้อย่างมีประสิทธิภาพ และประสิทธิผล ภายใต้การควบคุมดูแลของอาจารย์ที่ปรึกษา'),
('BA2053302', 'ข', 'ข.3', 'การเขียนโปรแกรมเชิงวัตถุ', 2, 'แนวคิดการเขียนโปรแกรมเชิงวัตถุ คลาสอ็อบเจกต์ ความสัมพันธ์ระหว่าง คลาส และอ็อบเจกต์ในแบบต่างๆ แผนภาพสัญลักษณ์สำหรับอธิบายโมเดล \n และการเขียนโปรแกรม การวิเคราะห์ และออกแบบโปรแกรมด้วยแผนภาพสัญลักษณ์ การเขียนโปรแกรมด้วยแนวคิดเชิงวัตถุ'),
('BA2053303', 'ข', 'ข.3', 'ภาษาซี', 3, 'ภาษาซี ชนิดของข้อมูล การคำนวณในภาษาซี การรับข้อมูล การแสดงผลข้อมูล คำสั่งเงื่อนไข คำสั่งทำซ้ำอาร์เรย์ ตัวแปร พอยท์เตอร์ การกำหนดฟังก์ชัน และการใช้งาน การเขียนโปรแกรมอย่างมีประสิทธิภาพ'),
('BA2053304', 'ข', 'ข.3', 'ภาษาจาวา', 3, 'การติดตั้งและการใช้งานภาษาจาวา โครงสร้างและรูปแบบคำสั่ง ตัวแปร และชนิดของข้อมูล คำสั่งควบคุมการทำงาน การเขียนโปรแกรมแบบควบคุมเหตุการณ์ คลาส อ็อบเจกต์ และอาร์เรย์คุณสมบัติการสืบทอด และการพ้องรูป การใช้งานคลาสแบบต่างๆ การใช้งานแพคเกจสวิง'),
('BA2053305', 'ข', 'ข.3', 'การพัฒนาซอฟต์แวร์ระบบฐานข้อมูล', 3, 'การพัฒนาซอฟต์แวร์ด้านระบบฐานข้อมูล โดยมุ่งเน้นเทคโนโลยีทางด้านระบบฐานข้อมูลที่มีประสิทธิภาพและทันสมัย พัฒนาระบบงานฐานข้อมูลให้มีความสมบูรณ์ มีความใกล้เคียงกับการนำไปใช้งานได้จริง'),
('BA2053306', 'ข', 'ข.3', 'ระบบฐานข้อมูลชั้นสูง', 3, 'แนวความคิดเกี่ยวกับข้อมูลขนาดใหญ่ ฐานข้อมูล และเทคโนโลยีการจัดการข้อมูลอย่างเข้มข้นสมัยใหม่ การจัดการทรานสแอคชัน และการควบคุมภาวะพร้อมกัน กระบวนการสอบถามข้อมูล การทำดัชนีชั้นสูง Map-reduce และ Hadoop ฐานข้อมูลแบบ NoSQL การบริการฐานข้อมูลในการประมวลผลคลาวด์การรักษาความปลอดภัยและความเป็นส่วนตัว'),
('BA2053307', 'ข', 'ข.3', 'ภาษาจาวาชั้นสูง', 3, 'Serialization, inspection และ internationalization, การประยุกต์ใช้ Applets กับ HTML pages การใช้ component ใน swing set, การทำ rendering ด้วยกราฟิก 2 มิติการใช้งาน และสร้าง Java Beans ความหมายและการใช้งาน JDBC ความหมาย และการใช้งาน Java Mail; JNDI; Api และ JMS การเขียนโปรแกรมจาวาสำหรับเครือข่าย ความหมาย และการสร้าง Servlet การใช้งาน และติดตั้ง JSP'),
('BA2053308', 'ข', 'ข.3', 'การเขียนโปรแกรมบนอุปกรณ์เคลื่อนที่', 3, 'เทคโนโลยีไร้สาย และเทคโนโลยีพกพา การสื่อสารแบบไร้สาย แพลตฟอร์มสำหรับอุปกรณ์ไร้สาย และพกพา ภาษาที่ใช้ในการเขียนโปรแกรมอุปกรณ์ไร้สาย การพัฒนาโปรแกรม แบบไร้สายโดยใช้ภาษาที่กำลังได้รับความสนใจในปัจจุบัน'),
('BA2053309', 'ข', 'ข.3', 'วิศวกรรมซอฟต์แวร', 3, 'การวางแผน การจัดการ และการควบคุมขั้นตอนการพัฒนาซอฟต์แวร์ เครื่องมือ และวิธีการที่ใช้ในการพัฒนาซอฟต์แวร์ และวิศวกรรมซอฟต์แวร์ แนวความคิด และทฤษฎีความน่าเชื่อถือของซอฟต์แวร์ การประมาณราคา และการบำรุงรักษา'),
('BA2053310', 'ข', 'ข.3', 'ภาษาซีชาร์ป', 3, 'โครงสร้าง และไวยากรณ์ของภาษาซีชาร์ป การห่อหุ้มคลาส การสืบทอด การพ้องรูปการจัดการความผิดปกติ ช่วงชีวิตอ็อบเจกต์การทำงานกับอินเตอร์เฟส การใช้งานเจเนอร์ริก ดิลิเกท อีเวนท์แลมบ์ดาส์  และแอลไอเอ็นคิว'),
('BA2053311', 'ข', 'ข.3', 'ภาษาไพธอน', 3, 'ชนิดข้อมูล ค่าคงที่ และตัวแปร ตัวกระทำการ การไหลของการควบคุม ฟังก์ชัน และโครงสร้างควบคุม กฎของขอบเขต การจัดการข้อมูลตัวแปรสตริง ตัวแปรชนิดลิสต์ ตัวแปรชนิดทูเพิล และตัวแปรชนิดดิกชันนารี การจัดการแฟ้มข้อมูล และการเขียนโปรแกรมเชิงวัตถุดัวยภาษาไพธอน'),
('BA2053312', 'ข', 'ข.3', 'การเขียนโปรแกรมเกม', 3, 'การออกแบบ และพัฒนาเกม เครื่องมือ และซอฟต์แวร์ที่ใช้ในการพัฒนาเกม พัฒนาทักษะการเขียนเกมด้วยภาษาคอมพิวเตอร์ พัฒนาเกมในรูปแบบเกมเครือข่าย เกมจำลองสถานการณ์ เกมต่อสู้ และอื่นๆ แนวทางการพัฒนาเกมในอนาคต'),
('BA2053313', 'ข', 'ข.3', 'การออกแบบและพัฒนาคลาวด์', 3, 'วิธีการออกแบบ และพัฒนาการประมวลผลคลาวด์เพื่อใช้ในวิสาหกิจ วิธีการพัฒนาแบบ Agile การเคลื่อนย้ายระบบสู่การประมวลผลคลาวด์ การบริหารโครงการ และทีมงานพัฒนาที่เกี่ยวข้องกับการประมวลผลคลาวด์ การประเมินผลการประมวลผลคลาวด์'),
('BA2053314', 'ข', 'ข.3', 'การพัฒนาโปรแกรมประยุกต์ในระบบไร้สาย', 3, 'เทคนิคของการพัฒนาซอฟต์แวร์บนอุปกรณ์เคลื่อนที่และอุปกรณ์ไร้สาย อุปกรณ์พกพา (Personal Digital Assistant: PDA) และโทรศัพท์เคลื่อนที่ โดยอาศัยเทคนิคตามมาตรฐาน J2MEหรือ MIDP การบริหารจัดการหน่วยความจำสำหรับอุปกรณ์ที่มีหน่วยความจำน้อย เทคนิคการเขียนโปรแกรมบนระบบที่มีหน่วยประมวลผลจจำกัด ข้อมูลแบบประสานบนฐานข้อมูลที่รองรับระบบการสื่อสารไร้สาย'),
('BA2053315', 'ข', 'ข.3', 'อินเทอร์เน็ตสรรพสิ่ง', 3, 'IoT การเชื่อมต่ออุปกรณ์เซ็นเซอร์เข้ากับอุปกรณ์ควบคุม การควบคุมการทำงานของอุปกรณ์ IoT ผ่านระบบเครือข่ายอินเทอร์เน็ต การสร้างเครือข่ายของอุปกรณ์ IoT การเก็บข้อมูลจากอุปกรณ์ IoT ไว้ในระบบฐานข้อมูล การวิเคราะห์ข้อมูล และการพัฒนาแอพพลิเคชั่นในงาน IoT'),
('BA2053316', 'ข', 'ข.3', 'สัมมนาการพัฒนาซอฟต์แวร์ ', 3, 'สัมมนาการพัฒนาซอฟต์แวร์ วิเคราะห์ปัญหาสำคัญต่างๆ ที่เกิดขึ้นในองค์กรธุรกิจฝึกปฏิบัติในการแสดงความคิดเห็น การมีส่วนร่วม และกระบวนการตัดสินใจในองค์กรธุรกิจ วิเคราะห์ และอภิปรายปัญหาต่างๆ ที่เกี่ยวกับวิชาชีพในองค์กรธุรกิจ โดยใช้พื้นความรู้ทางทฤษฎีการบริหารธุรกิจ เพื่อหาแนวทางแก้ไขปัญหาที่ส่งผลกระทบต่อการดำเนินธุรกิจ โดยใช้กรณีศึกษาอภิปราย'),
('BA2055308', 'ข', 'ข.2', 'ธุรกิจดิจิทัล', 3, 'ธุรกิจดิจิทัล แนวคิดเกี่ยวกับอินเทอร์เน็ตสำหรับธุรกิจดิจิทัล ระบบเงินในธุรกิจดิจิทัลกลยุทธ์ด้านการตลาดดิจิทัลและการดำเนินธุรกิจแบบดิจิทัล การออกแบบและสร้างเว็บไซต์สำหรับการทำธุรกิจดิจิทัล กฎหมายและเทคโนโลยีความปลอดภัยสำหรับธุรกิจดิจิทัล จริยธรรม ปัญหาและอุปสรรคของธุรกิจดิจิทัล'),
('BA2061101', 'ข', 'ข.1', 'ภาษาอังกฤษเพื่อการโต้ตอบทางธุรกิจ 1', 3, 'การอ่าน และการเขียนจดหมายธุรกิจ จดหมายสอบถาม จดหมายตอบสอบถามจดหมายสั่งซื้อ จดหมายตอบสั่งซื้อ จดหมายร้องเรียน จดหมายตอบการร้องเรียน จดหมายทวงหนี้ จดหมายสมัครงาน การเขียนประวัติส่วนตัว และไปรษณีย์อิเล็กทรอนิกส์'),
('GE2100101', 'ก', 'ก.1', 'ภาษาไทยเพื่อการสื่อสาร', 3, 'ความรู้พื้นฐานในการใช้ภาษาไทย ภาษากับการสื่อสาร ทักษะการฟัง การพูด การอ่าน และการเขียนประเภทต่างๆ'),
('GE2100102', 'ก', 'ก.1', 'ภาษาไทยเพื่อการสื่อสารธุรกิจ', 3, 'ความรู้ทั่วไปเกี่ยวกับการสื่อสารทางธุรกิจ แนวคิดเกี่ยวกับการสื่อสารทางธุรกิจหลักการเขียนจดหมายทางธุรกิจ จดหมายธุรกิจประเภทต่าง ๆ รายงานธุรกิจ และโครงการทางธุรกิจ'),
('GE2100103', 'ก', 'ก.1', 'ภาษาไทยเพื่อการนำเสนอ', 3, 'ความรู้พื้นฐานเกี่ยวกับการนำเสนอ ทักษะการรับ และการส่งสาร การพูดเพื่อการนำเสนอ การอ่าน และการนำเสนอข้อมูลทางสถิติ และการเขียนเพื่อการนำเสนอ'),
('GE2100104', 'ก', 'ก.1', 'วรรณคดีไทย', 3, 'วรรณคดีไทย ความหมาย และความสำคัญประเภทของวรรณคดี การวิเคราะห์ และการประเมินค่าวรรณคดี ความสัมพันธ์ระหว่างวรรณคดีกับวิถีไทย'),
('GE2100105', 'ก', 'ก.1', 'การเขียนภาษาไทยเพื่ออาชีพ ', 3, 'ความรู้พื้นฐานเกี่ยวกับการเขียน การเขียนหนังสือราชการ การเขียนรายงานการประชุม การเขียนสาร และคำกล่าวในโอกาสต่างๆ การเขียนโครงการ การเขียนสารคดี การเขียนโฆษณา และประชาสัมพันธ์'),
('GE2200101 ', 'ก', 'ก.2', 'ภาษาอังกฤษเทคนิค', 3, 'การใช้ภาษาอังกฤษที่เกี่ยวเนื่องกับวิชาชีพ ความรู้เกี่ยวกับคำศัพท์ และสำนวนเกี่ยวกับวิชาชีพ ใจความสำคัญ และรายละเอียดจากเนื้อเรื่อง การให้นิยาม การจำแนกประเภท ขั้นตอนการปฏิบัติ ป้ายประกาศ และฉลาก การบรรยายกระบวนการ'),
('GE2200102', 'ก', 'ก.2', 'ภาษาอังกฤษเพื่ออาชีพ', 3, 'การสื่อสารภาษาอังกฤษเพื่อนำไปใช้ในอาชีพต่างๆ การพบปะผู้คนในสถานประกอบการ การใช้โทรศัพท์เพื่อติดต่องานธุรกิจ การนัดหมายเจรจาธุรกิจ การนำเสนอผลประกอบการ การบอกคุณสมบัติของสินค้าและบริการ การระบุเป้าหมาย และการตัดสินใจทำธุรกิจ การต่อว่า และการแก้ปัญหาข้อร้องทุกข์ การตรวจสอบความก้าวหน้าของการดำเนินงาน ความเข้าใจวัฒนธรรมในอาชีพต่างๆ'),
('GE2200103', 'ก', 'ก.2', 'การอ่านภาษาอังกฤษ', 3, 'การใช้พจนานุกรม การเดาความหมายของคำศัพท์จากปริบท องค์ประกอบ และโครงสร้างของประโยค องค์ประกอบที่ช่วยในการอ่าน ทักษะการอ่านจับใจความ และเทคนิคการอ่าน'),
('GE2200104', 'ก', 'ก.2', 'การฟังภาษาอังกฤษ', 3, 'การฟังภาษาอังกฤษในสถานการณ์ต่างๆ ในชีวิตประจำวัน การฟังบทสนทนา การฟังระดับย่อหน้า การฟังบทความ \n และตอบคำถาม ทักษะการฟังเพื่อจับใจความ และเทคนิคการฟัง'),
('GE2200105 ', 'ก', 'ก.2', 'การสนทนาภาษาอังกฤษ', 3, 'การสนทนาภาษาอังกฤษตามสถานการณ์ต่างๆ ในชีวิตประจำวันให้ถูกต้องตามวัฒนธรรมของเจ้าของภาษา การทักทาย และแนะนำตัว การให้คำแนะนำการสนทนาทางโทรศัพท์ การบอกที่ตั้ง และทิศทางการขอร้อง และการเสนอให้ การขอบคุณ และการขอโทษ'),
('GE2200106 ', 'ก', 'ก.2', 'ภาษาจีนพื้นฐาน', 3, 'ทักษะภาษาจีนเบื้องต้น ระบบพินอินประโยค และไวยากรณ์ การสนทนา และการอ่านข้อความภาษาจีนสั้นๆ การสรุปเนื้อหา และการตอบคำถามเป็นภาษาจีน'),
('GE2200107', 'ก', 'ก.2', 'ภาษาจีนเพื่อการสื่อสาร', 3, 'คำศัพท์ และสำนวนภาษาจีนที่ใช้ในชีวิตประจำวัน การสนทนาโต้ตอบ การเขียนจดหมายโต้ตอบ การเขียนจดหมายอิเล็กทรอนิกส์'),
('GE2201101', 'ก', 'ก.2', 'ภาษาอังกฤษ 1', 3, 'การใช้สำนวน และโครงสร้างภาษาระดับพื้นฐาน กาทักทาย การแนะนำตัวการบรรยายบุคคล การบรรยายสิ่งของ ความสนใจและงานอดิเรก การบรรยายสถานที่ การบรรยายเหตุการณ์ในอดีต และการบรรยายแผนการและการพยากรณ์ในอนาคต'),
('GE2201102', 'ก', 'ก.2', 'ภาษาอังกฤษ 2', 3, 'การใช้ภาษาระดับสูงขึ้น เพื่อใช้ภาษาให้ถูกต้องตามสถานการณ์ต่างๆ ได้อย่างเหมาะสม การเปรียบเทียบ ขั้นตอนการปฏิบัติในชีวิตประจำวันและการเตือน การกำหนดเงื่อนไข ข่าวสารข้อมูล การแลกเปลี่ยนความคิดเห็น การสมัครงาน'),
('GE2300101', 'ก', 'ก.3', 'พลวัตทางสังคมและความทันสมัย', 3, 'แนวคิดและทฤษฎีทางสังคมสมัยใหม่ โครงสร้างสังคมและสถาบัน ความทันสมัยและกระแส โลกาภิวัตน์ ความหลากหลายทางวัฒนธรรม พัฒนาการทางการเมือง หน้าทีjพลเมือง ประชาธิปไตยและการมีส่วนร่วมทางการเมือง ปัญหาสังคมและการแก้ไข'),
('GE2300102', 'ก', 'ก.3', 'มนุษยสัมพันธ์', 3, 'ความรู้เบื้องต้นเกี่ยวกับมนุษยสัมพันธ์ พฤติกรรม และธรรมชาติของมนุษย์ แรงจูงใจกับมนุษยสัมพันธ์ในองค์การ การสื่อสารกับมนุษยสัมพันธ์ มนุษยสัมพันธ์ในวัฒนธรรมไทย หลักธรรมทางศาสนากับมนุษยสัมพันธ์'),
('GE2300103', 'ก', 'ก.3', 'ระเบียบวิธีวิจัย', 3, 'ความรู้เบื้องต้นเกี่ยวกับการวิจัย วัตถุประสงค์ และประเภทของการวิจัย ขั้นตอนและการออกแบบวิจัย วิธีการสุ่มตัวอย่างและการเก็บรวบรวมข้อมูล การวิเคราะห์ข้อมูลการวิจัย การตีความ และการนำเสนอข้อมูลการวิจัย และการเขียนรายงานการวิจัย'),
('GE2300104', 'ก', 'ก.3', 'การพัฒนาคุณภาพชีวิตและทักษะสังคม', 3, 'การสร้างแนวคิด และเจตคติของตนเอง ภาระหน้าที่และความรับผิดชอบของบุคคลกลยุทธ์การบริหารตนเอง เทคนิค การครองใจคน การสร้างผลผลิตและการปฏิบัติงานอย่างมีประสิทธิภาพคุณธรรม จริยธรรมและจรรยาบรรณวิชาชีพ'),
('GE2300105', 'ก', 'ก.3', 'สังคมกับเศรษฐกิจ', 3, 'ความรู้ทั่วไปด้านสังคมเศรษฐกิจ วิวัฒนาการของระบบเศรษฐกิจและกลไกราคาสถาบันทางเศรษฐกิจ การพัฒนาเศรษฐกิจและสังคม ความร่วมมือทางเศรษฐกิจในระดับประเทศต่างๆ'),
('GE2300106', 'ก', 'ก.3', 'ปรัชญาเศรษฐกิจพอเพียง', 3, 'หลักการ และแนวคิดปรัชญาเศรษฐกิจพอเพียง การพัฒนาทางเศรษฐกิจ การบริหารจัดการที่ดีและความเสี่ยงสำหรับองค์การสมัยใหม่ ปัญหา ผลกระทบ และวิกฤติการพัฒนาในสังคมไทย และสังคมโลก เทคโนโลยี และนวัตกรรมเพื่อการพัฒนาที่ยั่งยืน สังคมสีเขียวและนิเวศวิทยา การประยุกต์หลักปรัชญาเศรษฐกิจพอเพียงและโครงการพระราชดำริ'),
('GE2300107', 'ก', 'ก.3', 'กฎหมายและจริยธรรมในวิชาชีพ', 3, 'ความรู้เบื้องต้นเกี่ยวกับกฎหมาย กฎหมาย และระเบียบที่เกี่ยวข้องกับการประกอบวิชาชีพ การคุ้มครองแรงงาน แรงงานสัมพันธ์ จรรยาบรรณวิชาชีพ สิทธิมนุษยชนจริยธรรมและความรับผิดชอบต่อสังคม'),
('GE2300108', 'ก', 'ก.3', 'อาเซียนศึกษา', 3, 'ความรู้พื้นฐานเกี่ยวกับอาเซียนและรัฐสมาชิก อัตลักษณ์ และความหลากหลาย แนวคิดการก่อตั้ง ปฏิญญา กฎบัตร และทีประชุมสุดยอดอาเซียน ความร่วมมือในการพัฒนา และเสาหลักอาเซียนความสำคัญของการอยู่ร่วมกันในภูมิภาคการบูรณาการทำงานร่วมกันเพื่ออนาคตที่ยั่งยืน'),
('GE2300109', 'ก', 'ก.3', 'สันติศึกษา', 3, 'ความหมาย และแนวคิดหลักเกี่ยวกับสันติภาพ และสันติศึกษา ปัญหาความขัดแย้งและความรุนแรงระดับครอบครัว ชุมชนชาติ และระหว่างประเทศการจัดการความขัดแย้งโดยสันติวิธี'),
('GE2400101', 'ก', 'ก.3', 'การรู้สารสนเทศและการศึกษาค้นคว้า', 3, 'แนวคิดและทฤษฎีการรู้สารสนเทศ ทรัพยากรสารสนเทศ การประเมินและการคัดเลือกสารสนเทศ ระบบการจัดเก็บทรัพยากรสารสนเทศในห้องสมุด การสืบค้นและการใช้เครื่องมือ ทักษะการค้นคว้า การอ้างอิงและบรรณานุกรม จริยธรรมและการลอกเลียนผลงานวิชาการ'),
('GE2400102', 'ก', 'ก.3', 'จิตวิทยาทั่วไป', 3, 'ความรู้พื้นฐานทางจิตวิทยา พันธุกรรม สิ่งแวดล้อมและพัฒนาการของมนุษย์ สรีรวิทยาที่มีอิทธิพลต่อพฤติกรรมของมนุษย์ การรับรู้ การเรียนรู้ และการจูงใจ เชาวน์ปัญญา และความฉลาดทางอารมณ์บุคลิกภาพ การปรับตัวและสุขภาพจิต พฤติกรรมทางสังคม'),
('GE2400103', 'ก', 'ก.3', 'ไทยศึกษาและภูมิปัญญาท้องถิ่น', 3, 'ความเป็นมาของชนชาติไทย ลักษณะสังคม เศรษฐกิจ การปกครองของไทย ความเชื่อศาสนา ประเพณี วัฒนธรรมข้าว ภูมิปัญญาไทย และท้องถิ่น'),
('GE2400104', 'ก', 'ก.3', 'การพัฒนาบุคลิกภาพ', 3, 'ความรู้พื้นฐานเกี่ยวกับบุคลิกภาพ ทฤษฏีบุคลิกภาพ ปัจจัยที่มีอิทธิพลต่อบุคลิกภาพการปรับปรุงบุคลิกภาพ การรับรู้เกี่ยวกับตนเอง สุขภาพจิต และการปรับตัว มนุษยสัมพันธ์กับบุคลิกภาพ และการพัฒนาบุคลิกภาพที่สมบูรณ์'),
('GE2400105', 'ก', 'ก.3', 'พฤติกรรมมนุษย์กับการพัฒนาตน', 3, 'แนวคิดและองค์ประกอบพฤติกรรมมนุษย์ การพัฒนาตน ภาวะผู้นำการเปลี่ยนแปลงการเรียนรู้ การพัฒนาการทำงาน การปรับตัว มนุษยสัมพันธ์ และการสื่อสารในองค์การสมัยใหม่ สุขภาพจิต และการเสริมสร้างชีวิตให้เป็นสุข'),
('GE2400106', 'ก', 'ก.3', 'การวิจัยเชิงคุณภาพ', 3, 'หลักการ และกระบวนการวิจัยเชิงคุณภาพ รูปแบบการวิจัยเชิงคุณภาพ จรรยาบรรณการวิจัย การออกแบบการวิจัย กระบวนการศึกษา และการรวบรวมข้อมูล รตีความ และการวิเคราะห์ข้อมูลที่ได้จากภาคสนาม และการเขียนรายงานวิจัย'),
('GE2400107', 'ก', 'ก.3', 'การพัฒนาและประเมินโครงกาาร', 3, 'แนวคิดและทฤษฎีการพัฒนา การวางแผน การกำหนดวัตถุประสงค์ การออกแบบโครงการพัฒนา การสร้างบรรยากาศการมีส่วนร่วมและการเรียนรู้ การบริหารโครงการ'),
('GE2400108', 'ก', 'ก.3', 'การพัฒนาจิตเพื่อคุณภาพชีวิต', 3, 'ความรู้ทั่วไปเกี่ยวกับจิตของมนุษย์ ศาสตร์ว่าด้วยการพัฒนาสมาธิ สมาธิกับการพัฒนาสมาธิจิตกับการเปลี่ยนแปลงเชิงพฤติกรรม การประยุกต์ใช้สมาธิในชีวิตประจำวัน'),
('GE2500101', 'ก', 'ก.4', 'พลศึกษา', 1, 'ความรู้ทั่วไปเกี่ยวกับ วิทยาศาสตร์การกีฬา การทดสอบสมรรถภาพทางกายดัชนีมวลกายรูปแบบของการจัดการแข่งขัน และประเภทของกีฬา การบาดเจ็บจากการเล่นกีฬาและการปฐมพยาบาล และการออกกำลังกายเพื่อสุขภาพ'),
('GE2500102', 'ก', 'ก.4', 'ลีลาศ', 1, 'ความรู้ทั่วไปเกี่ยวกับลีลาศ กฎ ระเบียบ และมารยาทของลีลาศ รูปแบบของลีลาศฝึกทักษะพื้นฐานการลีลาศในจังหวะต่าง ๆ'),
('GE2500103', 'ก', 'ก.4', 'กีฬาประเภททีม', 1, 'ความรู้ทั่วไปเกี่ยวกับกีฬาประเภททีม ฝึกทักษะการเล่นกีฬาประเภททีม การสร้างเสริมสมรรถภาพทางกาย กฎ ระเบียบ กติกาการแข่งขันกีฬาประเภททีม การแข่งขันกีฬาและการจัดการแข่งขันกีฬาประเภททีม การบาดเจ็บจากการเล่นกีฬาและการปฐมพยาบาล'),
('GE2500104', 'ก', 'ก.4', 'กีฬาประเภทบุคคล', 1, 'ความรู้ทั่วไปเกี่ยวกับกีฬาประเภทบุคคล ฝึกทักษะการเล่นกีฬาประเภทบุคคล การสร้างเสริมสมรรถภาพทางกาย กฎ ระเบียบ กติกาการแข่งขันกีฬาประเภทบุคคล การแข่งขันกีฬา \n และการจัดการแข่งขันกีฬาประเภทบุคคล การบาดเจ็บจากการเล่นกีฬา และการปฐมพยาบาล'),
('GE2500105', 'ก', 'ก.4', 'นันทนาการ', 1, 'ความรู้ทั่วไปเกี่ยวกับนันทนาการ ความหมายและความสำคัญ ประเภทของนันทนาการ กิจกรรมนันทนาการ ฝึกปฏิบัติการเป็นผู้นำนันทนาการ การจัดกิจกรรมนันทนาการเพื่อการฝึกอบรม เกมส์นันทนาการ การอยู่ค่ายพักแรม กับการเลือกกิจกรรมนันทนาการตามความเหมาะสม'),
('GE2600101', 'ก', 'ก.5', 'คณิตศาสตร์พื้นฐาน', 3, 'ตรรกศาสตร์เบื้องต้น เมตริกซ์และตัวกำหนด กฎการนับ การเรียงสับเปลี่ยน และการจัดหมู่ ความน่าจะเป็นเบื้องต้น ทฤษฎีบททวินาม ลำดับ และอนุกรม'),
('GE2600102', 'ก', 'ก.5', 'สถิติเบื้องต้น', 3, 'ความรู้เบื้องต้นเกี่ยวกับสถิติตัวแปรสุ่ม การสุ่มตัวอย่าง การประมาณค่า และการทดสอบสมมติฐาน'),
('GE2600103', 'ก', 'ก.5', 'คณิตศาสตร์ในชีวิตประจำวัน', 3, 'ความรู้เบื้องต้นเกี่ยวกับมาตราชั่ง ตวง วัด อัตราส่วน สัดส่วน ร้อยละ และการประยุกต์พื้นที่และปริมาตร ดอกเบี้ย และเงินผ่อนชำระ ภาษีมูลค่าเพิ่ม และภาษีเงินได้ เลขดัชนี ตรรกศาสตร์เบื้องต้น และการให้เหตุผล และความรู้เบื้องต้นเกี่ยวกับสถิติ'),
('GE2700101', 'ก', 'ก.5', 'วิทยาศาสตร์ในชีวิตประจำวัน', 3, 'ความรู้เบื้องต้นเกี่ยวกับวิทยาศาสตร์ และเทคโนโลยี วิทยาศาสตร์กับปรากฏการณ์ธรรมชาติ พลังงาน ไฟฟ้า และการสื่อสารโทรคมนาคม รังสี และกัมมันตภาพรังสี สารเคมีในชีวิตประจำวันวิวัฒนาการ และพันธุกรรมของมนุษย'),
('GE2700102', 'ก', 'ก.5', 'สิ่งแวดล้อมและการจัดการทรัพยากร', 3, 'ความรู้พื้นฐานทางสิ่งแวดล้อม และการจัดการทรัพยากร หลักนิเวศวิทยา และสมดุลธรรมชาติ ทรัพยากรธรรมชาติ และการอนุรักษ์ มลพิษสิ่งแวดล้อม การประเมินผลกระทบสิ่งแวดล้อมและการจัดการสิ่งแวดล้อม'),
('GE2800101', 'ก', 'ก.6', 'โลกในศตวรรษที่ 21', 2, 'โลกาภิวัฒน์และความทันสมัย เศรษฐกิจและการเมืองในสังคมโลก วิกฤตการพัฒนาความเป็นพลเมืองโลก สังคมสร้างสรรค์ การพัฒนาที่ยั่งยืน สังคมแห่งการเรียนรู้และทักษะ แห่งศตวรรษที่ 21'),
('GE2800102', 'ก', 'ก.6', 'การพัฒนาตนเองเพื่ออาชีพ', 2, 'หลัก และพื้นฐานการพัฒนาตนเองเพื่อการเป็นบัณฑิตนักปฏิบัติ ทักษะและคุณลักษณะที่จำเป็นสำหรับการทำงาน ภาวะผู้นำการเปลี่ยนแปลง บุคลิกภาพ การทำงานเป็นทีม การเป็นผู้ประกอบการ และความคิดสร้างสรรค์สำหรับการเข้าสู่อาชีพ'),
('GE2800103', 'ก', 'ก.6', 'ชีวิตและการคิดเชิงบวก ', 2, 'การพัฒนาทักษะชีวิต การเรียนรู้เพื่อการเปลี่ยนแปลงตนเอง การคิดเชิงบวก การใคร่ครวญด้วยวิจารณญาณ การพัฒนาสติ การเรียนรู้ตลอดชีวิต ชีวิต และการแก้ปัญหา'),
('GE2800104', 'ก', 'ก.6', 'การออกกำลังกายและกีฬาเพื่อสุขภาพ', 2, 'หลักการของวิทยาศาสตร์การกีฬา และการออกกำลังกาย ความรู้เกี่ยวกับกิจกรรมทางกาย การเสริมสร้างสมรรถภาพทางกายที่เกี่ยวกับสุขภาพ การทดสอบสมรรถภาพทางกายด้วยตนเอง การบริโภคอาหาร การควบคุมน้ำหนัก การพักผ่อนด้วยกิจกรรมนันทนาการ การประยุกต์วิทยาศาสตร์การกีฬากับการออกกำลังกายเพื่อสุขภาพ'),
('GE2800105', 'ก', 'ก.6', 'กิจกรรมเพื่อสุขภาพ', 2, 'ความหมาย และความสำคัญของสุขภาพ และสุขปฏิบัติ การดูแลตนเองให้มีสุขปฏิบัติที่ดีกิจกรรมเพื่อสร้างเสริมสุขภาพ อาหารและโภชนาการ การส่งเสริมสุขภาพจิต'),
('GE2820101', 'ก', 'ก.6', 'ปกิณกคณิตศาสตร์ ', 2, 'เทคนิคและแนวคิดทางคณิตศาสตร์ คณิตคิดเร็ว คณิตศิลป์ คณิตพยากรณ์ คณิตกับการลงทุน คณิตกับสุขภาพ'),
('GE2820102', 'ก', 'ก.6', 'วิทยาศาสตร์กับการดำรงชีวิต', 2, 'อาหาร ยา สมุนไพร และเครื่องสำอาง ไฟฟ้า และความปลอดภัย เทคโนโลยี สุขภาพและความงาม'),
('GE2820103', 'ก', 'ก.6', 'วัสดุและการประยุกต์ใช้ในชีวิตประจำวัน', 2, 'ความรู้เบื้องต้นเกี่ยวกับวัสดุ วัสดุงานบรรจุภัณฑ์อาหาร วัสดุยานยนต์ วัสดุทางการแพทย์ วัสดุสำหรับเครื่องนุ่งห่ม วัสดุในงานก่อสร้าง วัสดุสำหรับเครื่องใช้ไฟฟ้า');

-- --------------------------------------------------------

--
-- Table structure for table `subject_group`
--

CREATE TABLE `subject_group` (
  `Group_ID` varchar(10) NOT NULL COMMENT 'รหัสกลุ่มวิชา',
  `Main_ID` varchar(10) NOT NULL COMMENT 'รหัสหมวดวิชา',
  `Course_ID` varchar(14) NOT NULL COMMENT 'รหัสหลักสูตร',
  `Group_Name` text NOT NULL COMMENT 'ชื่อกลุ่มวิชา',
  `Group_Credit` int(2) NOT NULL COMMENT 'หน่วยกิตกลุ่มวิชา'
) ENGINE=InnoDB DEFAULT CHARSET=utf8mb4 COMMENT='กลุ่มวิชา';

--
-- Dumping data for table `subject_group`
--

INSERT INTO `subject_group` (`Group_ID`, `Main_ID`, `Course_ID`, `Group_Name`, `Group_Credit`) VALUES
('ก.1', 'ก', '6128030901', 'กลุ่มวิชาภาษาไทย', 3),
('ก.2', 'ก', '6128030901', 'กลุ่มวิชาภาษาต่างประเทศ', 12),
('ก.3', 'ก', '6128030901', 'กลุ่มวิชาสังคมศาสตร์และมนุษยศาสตร์', 3),
('ก.4', 'ก', '6128030901', 'กลุ่มวิชาพลศึกษาและนัทนาการ', 2),
('ก.5', 'ก', '6128030901', 'กลุ่มวิชาคณิตศาสตร์และวิทยาศาสตร์', 6),
('ก.6', 'ก', '6128030901', 'กลุ่มวิชาบูรณาการ', 4),
('ข.1', 'ข', '6128030901', 'กลุ่มวิชาแกน', 34),
('ข.2', 'ข', '6128030901', 'กลุ่มวิชาเฉพาะด้าน', 45),
('ข.3', 'ข', '6128030901', 'กลุ่มวิชาชีพเลือก', 18);

-- --------------------------------------------------------

--
-- Table structure for table `subject_of_institution`
--

CREATE TABLE `subject_of_institution` (
  `Subject_Ins_ID` varchar(10) NOT NULL COMMENT 'รหัสวิชาจากสถาบันเดิม',
  `Subject_Ins_Name` text NOT NULL COMMENT 'ชื่อวิชาจากสถาบันเดิม',
  `Subject_Ins_Credit` int(2) NOT NULL COMMENT 'หน่วยกิต'
) ENGINE=InnoDB DEFAULT CHARSET=utf8mb4 COMMENT='รายวิชาเทียบโอนจากสถาบันเดิม';

--
-- Dumping data for table `subject_of_institution`
--

INSERT INTO `subject_of_institution` (`Subject_Ins_ID`, `Subject_Ins_Name`, `Subject_Ins_Credit`) VALUES
('1', 'ผ่านการสอบวัดความรู้', 0),
('3000-1101', 'ภาษาไทยเพื่อสื่อสารในงานอาชีพ', 3),
('3000-1201', 'ภาษาอังกฤษเพื่อการสื่อสารทางธุรกิจและสังคม', 3),
('3000-1208', 'ภาษาอังกฤษธุรกิจในงานอาชีพ', 3),
('3000-1305', 'วิทยาศาสตร์เพื่องานธุรกิจและบริการ', 3),
('3000-1404', 'คณิตศาสตร์และสถิติเพื่องานอาชีพ', 3),
('3000-1502', 'เศรษฐกิจพอเพียง', 3),
('3000-1601', 'การพัฒนาทักษะชีวิตเพื่อสุขภาพและสังคม', 3),
('3000-1608', 'พลศึกษาเพื่องานอาชีพ', 1),
('3001-1001', 'การบริหารงานคุณภาพในองค์การ', 3),
('3001-2001', 'เทคโนโลยีสารสนเทศเพื่อการจัดการอาชีพ', 3),
('3200-1001', 'หลักเศรษฐศาสตร์', 3),
('3200-1002', 'หลักการจัดการ', 3),
('3200-1003', 'หลักการตลาด', 3),
('3200-9001', 'กฎหมายธุรกิจ', 3),
('3201-2108', 'การภาษีอากร', 3),
('3204-2001', 'การประกอบเครื่องคอมพิวเตอร์ และการติดตั้งซอฟต์แวร์', 3),
('3204-2002', 'การใช้โปรแกรมสำนักงานขั้นสูง', 3),
('3204-2003', 'การสื่อสารข้อมูลและเครือข่าย', 3),
('3204-2004', 'ระบบจัดการฐานข้อมูล', 3),
('3204-2005', 'การออกแบบและพัฒนาเว็บไซค์', 3),
('3204-2006', 'การวิเคราะห์และออกแบบระบบ', 3),
('3204-2007', 'การเขียนโปรแกรมคอมพิวเตอร์', 3),
('3204-2102', 'เทคนิคการสร้างภาพเคลื่อนไหวคอมพิวเตอร์', 3),
('3204-2104', 'โปรแกรมสำเร็จรูปทางสถิติเพื่อการจัดการ', 3),
('3204-2105', 'ระบบสารสนเทศเพื่อการจัดการ', 3),
('3204-2109', 'การพัฒนาระบบพาณิชย์อิล็กทรอนิกส์', 3),
('3204-8001', 'ฝึกงาน', 4);

-- --------------------------------------------------------

--
-- Table structure for table `teacher`
--

CREATE TABLE `teacher` (
  `Teacher_ID` varchar(14) NOT NULL COMMENT 'รหัสอาจารย์',
  `Teacher_Name` text COMMENT 'ชื่ออาจารย์',
  `Address` text COMMENT 'ที่อยู่',
  `Phone` varchar(10) DEFAULT NULL COMMENT 'เบอร์โทรศัพท์'
) ENGINE=InnoDB DEFAULT CHARSET=utf8mb4 COMMENT='อาจารย์';

--
-- Dumping data for table `teacher`
--

INSERT INTO `teacher` (`Teacher_ID`, `Teacher_Name`, `Address`, `Phone`) VALUES
('1', 'อาจารย์เกื้อกูล ตาเย็น', '185/8', '0827183510'),
('10', 'อาจารย์สุวิทย์ ฝอยฝน', '185/8', '0827183510'),
('11', 'อาจารย์เกียรติศักดิ์ ลาภพาณิชยกุล', '185/8', '0827183510'),
('2', 'ผู้ช่วยศาสตราจารย์ ดร. ศิริรัตน์ ชำนาญรบ', '185/8', '0827183510'),
('3', 'อาจารย์ณรงค์ฤทธิ์ ธีระเวช', '185/8', '0827183510'),
('4', 'อาจารย์ปิยพันธ์ สุวรรณเวช', '185/8', '0827183510'),
('5', 'อาจารย์ศราวุธ แดงมาก', '185/8', '0827183510'),
('6', 'อาจารย์อนุมาศ แสงสว่าง', '185/8', '0827183510'),
('7', 'อาจารย์พงศกร หิรัญโรจน์', '185/8', '0827183510'),
('8', 'อาจารย์ ดร. อารีย์ มยังพงษ์', '185/8', '0827183510'),
('9', 'อาจารย์พรคิด อั้นขาว', '185/8', '0827183510');

-- --------------------------------------------------------

--
-- Table structure for table `transfer`
--

CREATE TABLE `transfer` (
  `Transfer_ID` int(10) NOT NULL COMMENT 'รหัสการเทียบโอน',
  `Student_ID` varchar(14) NOT NULL COMMENT 'รหัสนักศึกษา',
  `Subject_ID` varchar(10) NOT NULL COMMENT 'รหัสวิชา',
  `Date` text NOT NULL COMMENT 'วันที่',
  `Transfer_Grade` enum('T') NOT NULL DEFAULT 'T' COMMENT 'เกรด'
) ENGINE=InnoDB DEFAULT CHARSET=utf8mb4 COMMENT='การเทียบโอน';

--
-- Dumping data for table `transfer`
--

INSERT INTO `transfer` (`Transfer_ID`, `Student_ID`, `Subject_ID`, `Date`, `Transfer_Grade`) VALUES
(1, '076260305143-9', 'BA2021101', '1-5-2021', 'T'),
(2, '076260305143-9', 'BA2031101', '1-5-2021', 'T'),
(3, '076260305143-9', 'BA2031202', '1-5-2021', 'T'),
(4, '076260305143-9', 'BA2031203', '1-5-2021', 'T'),
(5, '076260305143-9', 'BA2041101', '1-5-2021', 'T'),
(6, '076260305143-9', 'BA2052101', '1-5-2021', 'T'),
(7, '076260305143-9', 'BA2061101', '1-5-2021', 'T'),
(8, '076260305143-9', 'BA2052103', '1-5-2021', 'T'),
(9, '076260305143-9', 'BA2052108', '1-5-2021', 'T'),
(10, '076260305143-9', 'BA2052115', '1-5-2021', 'T'),
(11, '076260305143-9', 'BA2050303', '1-5-2021', 'T'),
(12, '076260305143-9', 'BA2055308', '1-5-2021', 'T'),
(13, '076260305143-9', 'GE2600102', '1-5-2021', 'T'),
(14, '076260305143-9', 'GE2700101', '1-5-2021', 'T'),
(15, '076260305107-4', 'GE2500101', '1-5-2021', 'T'),
(16, '076260305143-9', 'GE2201101', '1-5-2021', 'T'),
(17, '076260305143-9', 'GE2201102', '1-5-2021', 'T'),
(18, '076260305143-9', 'GE2300106', '1-5-2021', 'T'),
(19, '076260305143-9', 'GE2500101', '1-5-2021', 'T'),
(20, '076260305143-9', 'GE2500105', '1-5-2021', 'T'),
(21, '076260305001-9', 'GE2500101', '4-5-2021', 'T'),
(22, '076260305001-9', 'GE2100102', '2-5-2021', 'T'),
(23, '076260305001-9', 'GE2500105', '2-5-2021', 'T'),
(24, '076260305001-9', 'GE2201101', '2-5-2021', 'T'),
(25, '076260305001-9', 'BA2052108', '4-5-2021', 'T'),
(26, '076260305001-9', 'BA2052101', '2-5-2021', 'T'),
(27, '076260305002-7', 'GE2100102', '4-5-2021', 'T'),
(28, '076260305002-7', 'GE2700101', '4-5-2021', 'T'),
(30, '076260305002-7', 'BA2052101', '4-5-2021', 'T'),
(31, '076260305002-7', 'BA2055308', '2-5-2021', 'T'),
(32, '076260305003-5', 'GE2100102', '2-5-2021', 'T'),
(33, '076260305003-5', 'GE2700101', '2-5-2021', 'T'),
(34, '076260305003-5', 'BA2052101', '2-5-2021', 'T'),
(35, '076260305003-5', 'BA2052108', '2-5-2021', 'T'),
(36, '076260305007-6', 'BA2031202', '2-5-2021', 'T'),
(37, '076260305007-6', 'GE2201101', '2-5-2021', 'T'),
(38, '076260305007-6', 'BA2052101', '2-5-2021', 'T'),
(39, '076260305007-6', 'GE2600102', '2-5-2021', 'T'),
(40, '076260305004-3', 'BA2031202', '2-5-2021', 'T'),
(41, '076260305004-3', 'GE2700101', '2-5-2021', 'T'),
(42, '076260305004-3', 'BA2052108', '2-5-2021', 'T'),
(43, '076260305004-3', 'BA2031101', '2-5-2021', 'T'),
(44, '076260305006-8', 'GE2201101', '2-5-2021', 'T'),
(45, '076260305006-8', 'BA2031202', '2-5-2021', 'T'),
(46, '076260305006-8', 'GE2600102', '3-5-2021', 'T'),
(47, '076260305006-8', 'GE2100102', '3-5-2021', 'T'),
(48, '076260305009-2', 'GE2700101', '3-5-2021', 'T'),
(49, '076260305009-2', 'BA2031202', '3-5-2021', 'T'),
(50, '076260305009-2', 'GE2600102', '3-5-2021', 'T'),
(51, '076260305009-2', 'BA2031101', '3-5-2021', 'T'),
(52, '076260305006-8', 'BA2052101', '3-5-2021', 'T'),
(53, '076260305006-8', 'GE2100102', '3-5-2021', 'T'),
(54, '076260305009-2', 'GE2201101', '3-5-2021', 'T'),
(55, '076260305009-2', 'BA2031203', '3-5-2021', 'T'),
(56, '076260305009-2', 'GE2600103', '3-5-2021', 'T'),
(57, '076260305009-2', 'BA2031101', '3-5-2021', 'T'),
(58, '076260305032-4', 'GE2600103', '3-5-2021', 'T'),
(59, '076260305032-4', 'BA2031202', '3-5-2021', 'T'),
(60, '076260305032-4', 'GE2201101', '3-5-2021', 'T'),
(61, '076260305032-4', 'BA2031203', '3-5-2021', 'T'),
(62, '076260305033-2', 'BA2052101', '3-5-2021', 'T'),
(63, '076260305033-2', 'GE2500101', '3-5-2021', 'T'),
(64, '076260305033-2', 'BA2031203', '3-5-2021', 'T'),
(65, '076260305107-4', 'BA2041102', '3-5-2021', 'T'),
(66, '076260305107-4', 'GE2500101', '3-5-2021', 'T'),
(67, '076260305107-4', 'BA2052101', '3-5-2021', 'T'),
(68, '076260305107-4', 'BA2031202', '3-5-2021', 'T'),
(69, '076260305107-4', 'BA2031203', '3-5-2021', 'T'),
(70, '076260305001-9', 'BA2031203', '3-5-2021', 'T'),
(71, '076260305001-9', 'BA2031101', '4-5-2021', 'T'),
(72, '076260305002-7', 'GE2500101', '5-5-2021', 'T'),
(73, '076260305002-7', 'BA2031202', '5-5-2021', 'T'),
(74, '076260305002-7', 'BA2052108', '5-5-2021', 'T'),
(75, '076260305002-7', 'GE2600102', '5-5-2021', 'T'),
(76, '076260305107-4', 'GE2400108', '5-5-2021', 'T'),
(77, '076260305143-9', 'GE2400108', '5-5-2021', 'T'),
(78, '076260305003-5', 'GE2500101', '5-5-2021', 'T'),
(79, '076260305148-8', 'GE2500101', '6-5-2021', 'T'),
(80, '076260305109-0', 'GE2500101', '10-5-2021', 'T');

-- --------------------------------------------------------

--
-- Table structure for table `transfer_detail`
--

CREATE TABLE `transfer_detail` (
  `Transfer_ID` int(10) NOT NULL COMMENT 'รหัสรายวิชาเทียบโอน',
  `Student_ID` varchar(14) NOT NULL COMMENT 'รหัสนักศึกษา',
  `Subject_ID` varchar(10) NOT NULL COMMENT 'รหัสวิชา',
  `Subject_Ins_ID` varchar(10) NOT NULL COMMENT 'รหัสวิชาจากสถาบันเดิม',
  `Grade` float NOT NULL COMMENT 'เกรด'
) ENGINE=InnoDB DEFAULT CHARSET=utf8mb4 COMMENT='รายละเอียดการเทียบโอน';

--
-- Dumping data for table `transfer_detail`
--

INSERT INTO `transfer_detail` (`Transfer_ID`, `Student_ID`, `Subject_ID`, `Subject_Ins_ID`, `Grade`) VALUES
(1, '076260305143-9', 'BA2021101', '1', 1.5),
(2, '076260305143-9', 'BA2031101', '3200-1002', 2),
(3, '076260305143-9', 'BA2031202', '3201-2108', 2),
(4, '076260305143-9', 'BA2031203', '3200-9001', 2.5),
(5, '076260305143-9', 'BA2041101', '1', 1.5),
(6, '076260305143-9', 'BA2052101', '3001-2001', 3.5),
(7, '076260305143-9', 'BA2061101', '1', 0),
(8, '076260305143-9', 'BA2052103', '3204-2105', 2.5),
(9, '076260305143-9', 'BA2052108', '3204-2005', 2.5),
(10, '076260305143-9', 'BA2052115', '3204-2005', 3),
(11, '076260305143-9', 'BA2050303', '3204-8001', 3.5),
(12, '076260305143-9', 'BA2055308', '3204-2109', 2.5),
(13, '076260305143-9', 'GE2600102', '3204-2104', 2.5),
(14, '076260305143-9', 'GE2700101', '3000-1305', 2),
(15, '076260305107-4', 'GE2500101', '3000-1608', 2),
(16, '076260305143-9', 'GE2201101', '3000-1201', 3),
(17, '076260305143-9', 'GE2201102', '3000-1208', 3),
(18, '076260305143-9', 'GE2300106', '3000-1502', 2),
(19, '076260305143-9', 'GE2500101', '3000-1608', 2),
(20, '076260305143-9', 'GE2500105', '3000-1601', 4),
(21, '076260305001-9', 'GE2500101', '3000-1608', 3),
(22, '076260305001-9', 'GE2100102', '3000-1101', 3),
(23, '076260305001-9', 'GE2500105', '3000-1601', 3),
(24, '076260305001-9', 'GE2201101', '3000-1201', 3),
(25, '076260305001-9', 'BA2052108', '3204-2003', 3),
(26, '076260305001-9', 'BA2052101', '3001-2001', 3),
(27, '076260305002-7', 'GE2100102', '3000-1101', 3),
(28, '076260305002-7', 'GE2700101', '3000-1305', 3),
(30, '076260305002-7', 'BA2052101', '3001-2001', 3),
(31, '076260305002-7', 'BA2055308', '3204-2109', 3),
(32, '076260305003-5', 'GE2100102', '3000-1101', 3),
(33, '076260305003-5', 'GE2700101', '3000-1305', 3),
(34, '076260305003-5', 'BA2052101', '3001-2001', 3),
(35, '076260305003-5', 'BA2052108', '3204-2003', 3),
(36, '076260305007-6', 'BA2031202', '3201-2108', 3),
(37, '076260305007-6', 'GE2201101', '3000-1201', 3),
(38, '076260305007-6', 'BA2052101', '3001-2001', 3),
(39, '076260305007-6', 'GE2600102', '3000-1404', 3),
(40, '076260305004-3', 'BA2031202', '3201-2108', 3),
(41, '076260305004-3', 'GE2700101', '3000-1305', 3),
(42, '076260305004-3', 'BA2052108', '3204-2003', 3),
(43, '076260305004-3', 'BA2031101', '3200-1002', 3),
(44, '076260305006-8', 'GE2201101', '3000-1201', 3),
(45, '076260305006-8', 'BA2031202', '3201-2108', 3),
(46, '076260305006-8', 'GE2600102', '3204-2104', 3),
(47, '076260305006-8', 'GE2100102', '3000-1101', 3),
(48, '076260305009-2', 'GE2700101', '3000-1305', 3),
(49, '076260305009-2', 'BA2031202', '3201-2108', 3),
(50, '076260305009-2', 'GE2600102', '3204-2104', 3),
(51, '076260305009-2', 'BA2031101', '3200-1002', 3),
(52, '076260305006-8', 'BA2052101', '3001-2001', 3),
(53, '076260305006-8', 'GE2100102', '3000-1101', 3),
(54, '076260305009-2', 'GE2201101', '3000-1201', 3),
(55, '076260305009-2', 'BA2031203', '3200-9001', 3),
(56, '076260305009-2', 'GE2600103', '3000-1404', 3),
(57, '076260305009-2', 'BA2031101', '3200-1002', 3),
(58, '076260305032-4', 'GE2600103', '3000-1404', 3),
(59, '076260305032-4', 'BA2031202', '3201-2108', 3),
(60, '076260305032-4', 'GE2201101', '3000-1201', 3),
(61, '076260305032-4', 'BA2031203', '3200-9001', 3),
(62, '076260305033-2', 'BA2052101', '3001-2001', 3),
(63, '076260305033-2', 'GE2500101', '3000-1608', 1),
(64, '076260305033-2', 'BA2031203', '3200-9001', 3),
(65, '076260305107-4', 'BA2041102', '3001-1001', 3),
(66, '076260305107-4', 'GE2500101', '3000-1608', 4),
(67, '076260305107-4', 'BA2052101', '3001-2001', 4),
(68, '076260305107-4', 'BA2031202', '3201-2108', 4),
(69, '076260305107-4', 'BA2031203', '3200-9001', 4),
(70, '076260305001-9', 'BA2031203', '3200-9001', 3),
(71, '076260305001-9', 'BA2031101', '3200-1002', 2),
(72, '076260305002-7', 'GE2500101', '3000-1608', 4),
(73, '076260305002-7', 'BA2031202', '3201-2108', 3),
(74, '076260305002-7', 'BA2052108', '3204-2003', 4),
(75, '076260305002-7', 'GE2600102', '3204-2104', 4),
(76, '076260305107-4', 'GE2400108', '1', 1.5),
(77, '076260305143-9', 'GE2400108', '1', 1.5),
(78, '076260305003-5', 'GE2500101', '3000-1608', 1),
(79, '076260305148-8', 'GE2500101', '3000-1608', 4),
(80, '076260305109-0', 'GE2500101', '3000-1608', 4);

-- --------------------------------------------------------

--
-- Table structure for table `user`
--

CREATE TABLE `user` (
  `User_ID` varchar(14) NOT NULL COMMENT 'รหัสผู้ใช้',
  `User_Name` text COMMENT 'ชื่อผู้ใช้',
  `Email` varchar(30) DEFAULT NULL COMMENT 'อีเมล',
  `Password` varchar(30) DEFAULT NULL COMMENT 'รหัสผ่าน',
  `Userlevel_ID` int(2) NOT NULL COMMENT 'รหัสระดับผู้ใช้งาน'
) ENGINE=InnoDB DEFAULT CHARSET=utf8mb4 COMMENT='ผู้ใช้';

--
-- Dumping data for table `user`
--

INSERT INTO `user` (`User_ID`, `User_Name`, `Email`, `Password`, `Userlevel_ID`) VALUES
('01', 'นายทดสอบ ระบบ', 'admin@rmutp.ac.th', 'admin1234', 1),
('076260305001-9', 'นางสาวอารีนา นาลักษณ์', 'arena-n@rmutp.ac.th', '0762603050019', 2),
('076260305002-7', 'นายดนุพล ตั้งตัว', 'danupol-t@rmutp.ac.th', '0762603050027', 2),
('076260305003-5', 'นายกิจจา เวชาคม', 'kitcha-w@rmutp.ac.th', '0762603050035', 2),
('076260305004-3', 'นายรุ่งวิทย์ สุภาพ', 'rungwit-s@rmutp.ac.th', '0762603050043', 2),
('076260305006-8', 'นายธนพล เอ้องค์', 'tanapon-a@rmutp.ac.th', '0762603050068', 2),
('076260305007-6', 'นางสาวกฤติยา  สุคลธา', 'kittiya-s@rmutp.ac.th', '0762603050076', 2),
('076260305009-2', 'นายภวัต กล้าผจญ', 'pawat-ka@rmutp.ac.th', '0762603050092', 2),
('076260305018-3', 'กรวิทย์ คำภิมาบุตร', 'korawit-k@rmutp.ac.th', 'macka11140', 2),
('076260305032-4', 'นางสาวรมิตา กลัดลาย', 'ramit-k@rmutp.ac.th', '0762603050324', 2),
('076260305033-2', 'นางสาวสุชาดา แซ่เล', 'suchada-sa@rmutp.ac.th', '0762603050332', 2),
('076260305034-0', 'นายกรณัฐ วาสบรรจง', 'koranut-w@rmutp.ac.th', '0762603050340', 2),
('076260305107-4', 'นายกฤติน เจริญสุข', 'kritin-c@rmutp.ac.th', '0762603051074', 2),
('076260305109-0', 'นางสาวสิริวรรณ จันทร์แก้ว', 'siriwan-ja@rmutp.ac.th', '1234567890', 2),
('076260305112-4', 'นางสาวกัลยารัตน์ เซียน้อย', 'kanyarat-si@rmutp.ac.th', '1234567890', 2),
('076260305119-9', 'นางสาวอริสา เจียมศิริกาญน์', 'arisa-ji@rmutp.ac.th', '1111111111111', 2),
('076260305143-9', 'นายทรงพล คุ้มคำ', 'songphon-k@rmutp.ac.th', '1749900588454', 2),
('076260305148-8', 'ปรียานุช วรรณพฤกษ์', 'preeyanut-w@rmutp.ac.th', '0987654321', 2),
('1', 'อาจารย์เกื้อกูล ตาเย็น', 'kuakul.t@rmutp.ac.th', '1234567890', 4),
('10', 'อาจารย์สุวิทย์ ฝอยฝน', 'rainspary@gmail.com', '1234567890', 3),
('11', 'อาจารย์เกียรติศักดิ์ ลาภพาณิชยกุล', 'kreadtisak.l@rmutp.ac.th', '1234567890', 3),
('2', 'ผู้ช่วยศาสตราจารย์ ดร. ศิริรัตน์ ชำนาญรบ', 'sirirat.c@rmutp.ac.th', '1234567890', 3),
('3', 'อาจารย์ณรงค์ฤทธิ์ ธีระเวช', 'narongrit.t@rmutp.ac.th', '1234567890', 3),
('4', 'อาจารย์ปิยพันธ์ สุวรรณเวช', 'piyapan.s@rmutp.ac.th', '1234567890', 3),
('5', 'อาจารย์ศราวุธ แดงมาก', 'sravudh.d@rmutp.ac.th', '1234567890', 3),
('6', 'อาจารย์อนุมาศ แสงสว่าง', 'anumas.s@rmutp.ac.th', '1234567890', 3),
('7', 'อาจารย์พงศกร หิรัญโรจน์', 'pongsakorn@rmutp.ac.th', '1234567890', 3),
('8', 'อาจารย์ ดร. อารีย์ มยังพงษ์', 'aree.m@rmutp.ac.th', '1234567890', 3),
('9', 'อาจารย์พรคิด อั้นขาว', 'pornkid.u@rmutp.ac.th', '1234567890', 3);

-- --------------------------------------------------------

--
-- Table structure for table `userlevel`
--

CREATE TABLE `userlevel` (
  `Userlevel_ID` int(2) NOT NULL COMMENT 'รหัสระดับผู้ใช้งาน',
  `Userlevel_Name` text NOT NULL COMMENT 'ชื่อระดับผู้ใช้งาน'
) ENGINE=InnoDB DEFAULT CHARSET=utf8mb4 COMMENT='ระดับผู้ใช้งาน';

--
-- Dumping data for table `userlevel`
--

INSERT INTO `userlevel` (`Userlevel_ID`, `Userlevel_Name`) VALUES
(1, 'ผู้ดูแลระบบ'),
(2, 'นักศึกษา'),
(3, 'อาจารย์ที่ปรึกษา'),
(4, 'หัวหน้าสาขาวิชา');

-- --------------------------------------------------------

--
-- Table structure for table `year`
--

CREATE TABLE `year` (
  `Year_ID` varchar(4) NOT NULL COMMENT 'รหัสปีการศึกษา',
  `Year_Name` varchar(4) NOT NULL COMMENT 'ปีการศึกษา'
) ENGINE=InnoDB DEFAULT CHARSET=utf8mb4 COMMENT='ปีการศึกษา';

--
-- Dumping data for table `year`
--

INSERT INTO `year` (`Year_ID`, `Year_Name`) VALUES
('2500', '2500'),
('2501', '2501'),
('2502', '2502'),
('2503', '2503'),
('2504', '2504'),
('2505', '2505'),
('2506', '2506'),
('2507', '2507'),
('2508', '2508'),
('2509', '2509'),
('2510', '2510'),
('2511', '2511'),
('2512', '2512'),
('2513', '2513'),
('2514', '2514'),
('2515', '2515'),
('2516', '2516'),
('2517', '2517'),
('2518', '2518'),
('2519', '2519'),
('2520', '2520'),
('2521', '2521'),
('2522', '2522'),
('2523', '2523'),
('2524', '2524'),
('2525', '2525'),
('2526', '2526'),
('2527', '2527'),
('2528', '2528'),
('2529', '2529'),
('2530', '2530'),
('2531', '2531'),
('2532', '2532'),
('2533', '2533'),
('2534', '2534'),
('2535', '2535'),
('2536', '2536'),
('2537', '2537'),
('2538', '2538'),
('2539', '2539'),
('2540', '2540'),
('2541', '2541'),
('2543', '2542'),
('2544', '2544'),
('2545', '2545'),
('2546', '2546'),
('2547', '2547'),
('2548', '2548'),
('2549', '2549'),
('2550', '2550'),
('2551', '2551'),
('2552', '2552'),
('2553', '2553'),
('2554', '2554'),
('2555', '2555'),
('2556', '2556'),
('2557', '2557'),
('2558', '2558'),
('2559', '2559'),
('2560', '2560'),
('2561', '2561'),
('2562', '2562'),
('2563', '2563'),
('2564', '2564');

--
-- Indexes for dumped tables
--

--
-- Indexes for table `adding_withdrawing`
--
ALTER TABLE `adding_withdrawing`
  ADD PRIMARY KEY (`Add_With_ID`),
  ADD KEY `Student_ID` (`Student_ID`),
  ADD KEY `Teacher_ID` (`Teacher_ID`),
  ADD KEY `Subject_ID` (`Subject_ID`),
  ADD KEY `Year_ID` (`Year_ID`);

--
-- Indexes for table `admin`
--
ALTER TABLE `admin`
  ADD PRIMARY KEY (`Admin_ID`);

--
-- Indexes for table `brand`
--
ALTER TABLE `brand`
  ADD PRIMARY KEY (`Brand_ID`);

--
-- Indexes for table `course`
--
ALTER TABLE `course`
  ADD PRIMARY KEY (`Course_ID`);

--
-- Indexes for table `education_level`
--
ALTER TABLE `education_level`
  ADD PRIMARY KEY (`Edu_Level_ID`);

--
-- Indexes for table `faculty`
--
ALTER TABLE `faculty`
  ADD PRIMARY KEY (`Faculty_ID`);

--
-- Indexes for table `field_of_study`
--
ALTER TABLE `field_of_study`
  ADD PRIMARY KEY (`Field_of_Study_ID`);

--
-- Indexes for table `group_main`
--
ALTER TABLE `group_main`
  ADD PRIMARY KEY (`Main_ID`),
  ADD KEY `Course_ID` (`Course_ID`);

--
-- Indexes for table `institution`
--
ALTER TABLE `institution`
  ADD PRIMARY KEY (`Institution_ID`);

--
-- Indexes for table `sec`
--
ALTER TABLE `sec`
  ADD PRIMARY KEY (`Sec_ID`);

--
-- Indexes for table `structure`
--
ALTER TABLE `structure`
  ADD PRIMARY KEY (`Structure_ID`),
  ADD KEY `Subject_ID` (`Subject_ID`),
  ADD KEY `Course_ID` (`Course_ID`),
  ADD KEY `Main_ID` (`Main_ID`),
  ADD KEY `Group_ID` (`Group_ID`);

--
-- Indexes for table `student`
--
ALTER TABLE `student`
  ADD PRIMARY KEY (`Student_ID`),
  ADD KEY `Edu_Level_ID` (`Edu_Level_ID`),
  ADD KEY `Faculty_ID` (`Faculty_ID`),
  ADD KEY `Brand_ID` (`Brand_ID`),
  ADD KEY `Field_of_Study_ID` (`Field_of_Study_ID`),
  ADD KEY `Sec_ID` (`Sec_ID`),
  ADD KEY `Teacher_ID` (`Teacher_ID`),
  ADD KEY `Institution_ID` (`Institution_ID`);

--
-- Indexes for table `subject`
--
ALTER TABLE `subject`
  ADD PRIMARY KEY (`Subject_ID`),
  ADD KEY `Main_ID` (`Main_ID`),
  ADD KEY `Group_ID` (`Group_ID`);

--
-- Indexes for table `subject_group`
--
ALTER TABLE `subject_group`
  ADD PRIMARY KEY (`Group_ID`),
  ADD KEY `Main_ID` (`Main_ID`),
  ADD KEY `Course_ID` (`Course_ID`);

--
-- Indexes for table `subject_of_institution`
--
ALTER TABLE `subject_of_institution`
  ADD PRIMARY KEY (`Subject_Ins_ID`);

--
-- Indexes for table `teacher`
--
ALTER TABLE `teacher`
  ADD PRIMARY KEY (`Teacher_ID`);

--
-- Indexes for table `transfer`
--
ALTER TABLE `transfer`
  ADD PRIMARY KEY (`Transfer_ID`),
  ADD KEY `Student_ID` (`Student_ID`),
  ADD KEY `Subject_ID` (`Subject_ID`);

--
-- Indexes for table `transfer_detail`
--
ALTER TABLE `transfer_detail`
  ADD PRIMARY KEY (`Transfer_ID`),
  ADD KEY `Student_ID` (`Student_ID`,`Subject_Ins_ID`),
  ADD KEY `Subject_ID` (`Subject_ID`),
  ADD KEY `Subject_Ins_ID` (`Subject_Ins_ID`);

--
-- Indexes for table `user`
--
ALTER TABLE `user`
  ADD PRIMARY KEY (`User_ID`),
  ADD KEY `Userlevel_ID` (`Userlevel_ID`);

--
-- Indexes for table `userlevel`
--
ALTER TABLE `userlevel`
  ADD PRIMARY KEY (`Userlevel_ID`);

--
-- Indexes for table `year`
--
ALTER TABLE `year`
  ADD PRIMARY KEY (`Year_ID`);

--
-- AUTO_INCREMENT for dumped tables
--

--
-- AUTO_INCREMENT for table `adding_withdrawing`
--
ALTER TABLE `adding_withdrawing`
  MODIFY `Add_With_ID` int(10) NOT NULL AUTO_INCREMENT COMMENT 'รหัสการเพิ่ม-ถอน', AUTO_INCREMENT=62;
--
-- AUTO_INCREMENT for table `brand`
--
ALTER TABLE `brand`
  MODIFY `Brand_ID` int(10) NOT NULL AUTO_INCREMENT COMMENT 'รหัสสาขา', AUTO_INCREMENT=58;
--
-- AUTO_INCREMENT for table `education_level`
--
ALTER TABLE `education_level`
  MODIFY `Edu_Level_ID` int(10) NOT NULL AUTO_INCREMENT COMMENT 'รหัสระดับการศึกษา', AUTO_INCREMENT=6;
--
-- AUTO_INCREMENT for table `faculty`
--
ALTER TABLE `faculty`
  MODIFY `Faculty_ID` int(10) NOT NULL AUTO_INCREMENT COMMENT 'รหัสคณะ', AUTO_INCREMENT=10;
--
-- AUTO_INCREMENT for table `field_of_study`
--
ALTER TABLE `field_of_study`
  MODIFY `Field_of_Study_ID` int(10) NOT NULL AUTO_INCREMENT COMMENT 'รหัสแขนงวิชา', AUTO_INCREMENT=25;
--
-- AUTO_INCREMENT for table `institution`
--
ALTER TABLE `institution`
  MODIFY `Institution_ID` int(10) NOT NULL AUTO_INCREMENT COMMENT 'รหัสสถาบันเดิม', AUTO_INCREMENT=9;
--
-- AUTO_INCREMENT for table `sec`
--
ALTER TABLE `sec`
  MODIFY `Sec_ID` int(10) NOT NULL AUTO_INCREMENT COMMENT 'รหัสกลุ่ม', AUTO_INCREMENT=6;
--
-- AUTO_INCREMENT for table `structure`
--
ALTER TABLE `structure`
  MODIFY `Structure_ID` int(10) NOT NULL AUTO_INCREMENT COMMENT 'รหัสโครงสร้างหลักสูตร', AUTO_INCREMENT=97;
--
-- AUTO_INCREMENT for table `transfer`
--
ALTER TABLE `transfer`
  MODIFY `Transfer_ID` int(10) NOT NULL AUTO_INCREMENT COMMENT 'รหัสการเทียบโอน', AUTO_INCREMENT=81;
--
-- AUTO_INCREMENT for table `transfer_detail`
--
ALTER TABLE `transfer_detail`
  MODIFY `Transfer_ID` int(10) NOT NULL AUTO_INCREMENT COMMENT 'รหัสรายวิชาเทียบโอน', AUTO_INCREMENT=81;
--
-- AUTO_INCREMENT for table `userlevel`
--
ALTER TABLE `userlevel`
  MODIFY `Userlevel_ID` int(2) NOT NULL AUTO_INCREMENT COMMENT 'รหัสระดับผู้ใช้งาน', AUTO_INCREMENT=5;
--
-- Constraints for dumped tables
--

--
-- Constraints for table `adding_withdrawing`
--
ALTER TABLE `adding_withdrawing`
  ADD CONSTRAINT `adding_withdrawing_ibfk_1` FOREIGN KEY (`Student_ID`) REFERENCES `student` (`Student_ID`) ON DELETE NO ACTION ON UPDATE NO ACTION,
  ADD CONSTRAINT `adding_withdrawing_ibfk_2` FOREIGN KEY (`Teacher_ID`) REFERENCES `teacher` (`Teacher_ID`) ON DELETE NO ACTION ON UPDATE NO ACTION,
  ADD CONSTRAINT `adding_withdrawing_ibfk_3` FOREIGN KEY (`Subject_ID`) REFERENCES `subject` (`Subject_ID`) ON DELETE NO ACTION ON UPDATE NO ACTION,
  ADD CONSTRAINT `adding_withdrawing_ibfk_4` FOREIGN KEY (`Year_ID`) REFERENCES `year` (`Year_ID`) ON DELETE NO ACTION ON UPDATE NO ACTION;

--
-- Constraints for table `admin`
--
ALTER TABLE `admin`
  ADD CONSTRAINT `admin_ibfk_1` FOREIGN KEY (`Admin_ID`) REFERENCES `user` (`User_ID`) ON DELETE NO ACTION ON UPDATE NO ACTION;

--
-- Constraints for table `group_main`
--
ALTER TABLE `group_main`
  ADD CONSTRAINT `group_main_ibfk_1` FOREIGN KEY (`Course_ID`) REFERENCES `course` (`Course_ID`) ON DELETE NO ACTION ON UPDATE NO ACTION;

--
-- Constraints for table `structure`
--
ALTER TABLE `structure`
  ADD CONSTRAINT `structure_ibfk_1` FOREIGN KEY (`Subject_ID`) REFERENCES `subject` (`Subject_ID`) ON DELETE NO ACTION ON UPDATE NO ACTION,
  ADD CONSTRAINT `structure_ibfk_2` FOREIGN KEY (`Course_ID`) REFERENCES `course` (`Course_ID`) ON DELETE NO ACTION ON UPDATE NO ACTION,
  ADD CONSTRAINT `structure_ibfk_3` FOREIGN KEY (`Main_ID`) REFERENCES `group_main` (`Main_ID`) ON DELETE NO ACTION ON UPDATE NO ACTION,
  ADD CONSTRAINT `structure_ibfk_4` FOREIGN KEY (`Group_ID`) REFERENCES `subject_group` (`Group_ID`) ON DELETE NO ACTION ON UPDATE NO ACTION;

--
-- Constraints for table `student`
--
ALTER TABLE `student`
  ADD CONSTRAINT `student_ibfk_1` FOREIGN KEY (`Student_ID`) REFERENCES `user` (`User_ID`) ON DELETE NO ACTION ON UPDATE NO ACTION,
  ADD CONSTRAINT `student_ibfk_2` FOREIGN KEY (`Edu_Level_ID`) REFERENCES `education_level` (`Edu_Level_ID`) ON DELETE NO ACTION ON UPDATE NO ACTION,
  ADD CONSTRAINT `student_ibfk_3` FOREIGN KEY (`Faculty_ID`) REFERENCES `faculty` (`Faculty_ID`) ON DELETE NO ACTION ON UPDATE NO ACTION,
  ADD CONSTRAINT `student_ibfk_4` FOREIGN KEY (`Brand_ID`) REFERENCES `brand` (`Brand_ID`) ON DELETE NO ACTION ON UPDATE NO ACTION,
  ADD CONSTRAINT `student_ibfk_5` FOREIGN KEY (`Field_of_Study_ID`) REFERENCES `field_of_study` (`Field_of_Study_ID`) ON DELETE NO ACTION ON UPDATE NO ACTION,
  ADD CONSTRAINT `student_ibfk_6` FOREIGN KEY (`Sec_ID`) REFERENCES `sec` (`Sec_ID`) ON DELETE NO ACTION ON UPDATE NO ACTION,
  ADD CONSTRAINT `student_ibfk_7` FOREIGN KEY (`Teacher_ID`) REFERENCES `teacher` (`Teacher_ID`) ON DELETE NO ACTION ON UPDATE NO ACTION,
  ADD CONSTRAINT `student_ibfk_8` FOREIGN KEY (`Institution_ID`) REFERENCES `institution` (`Institution_ID`) ON DELETE NO ACTION ON UPDATE NO ACTION;

--
-- Constraints for table `subject`
--
ALTER TABLE `subject`
  ADD CONSTRAINT `subject_ibfk_1` FOREIGN KEY (`Main_ID`) REFERENCES `group_main` (`Main_ID`) ON DELETE NO ACTION ON UPDATE NO ACTION,
  ADD CONSTRAINT `subject_ibfk_2` FOREIGN KEY (`Group_ID`) REFERENCES `subject_group` (`Group_ID`) ON DELETE NO ACTION ON UPDATE NO ACTION;

--
-- Constraints for table `subject_group`
--
ALTER TABLE `subject_group`
  ADD CONSTRAINT `subject_group_ibfk_1` FOREIGN KEY (`Main_ID`) REFERENCES `group_main` (`Main_ID`) ON DELETE NO ACTION ON UPDATE NO ACTION,
  ADD CONSTRAINT `subject_group_ibfk_2` FOREIGN KEY (`Course_ID`) REFERENCES `course` (`Course_ID`) ON DELETE NO ACTION ON UPDATE NO ACTION;

--
-- Constraints for table `teacher`
--
ALTER TABLE `teacher`
  ADD CONSTRAINT `teacher_ibfk_1` FOREIGN KEY (`Teacher_ID`) REFERENCES `user` (`User_ID`) ON DELETE NO ACTION ON UPDATE NO ACTION;

--
-- Constraints for table `transfer`
--
ALTER TABLE `transfer`
  ADD CONSTRAINT `transfer_ibfk_2` FOREIGN KEY (`Student_ID`) REFERENCES `student` (`Student_ID`) ON DELETE NO ACTION ON UPDATE NO ACTION,
  ADD CONSTRAINT `transfer_ibfk_3` FOREIGN KEY (`Subject_ID`) REFERENCES `subject` (`Subject_ID`) ON DELETE NO ACTION ON UPDATE NO ACTION;

--
-- Constraints for table `transfer_detail`
--
ALTER TABLE `transfer_detail`
  ADD CONSTRAINT `transfer_detail_ibfk_1` FOREIGN KEY (`Student_ID`) REFERENCES `student` (`Student_ID`) ON DELETE NO ACTION ON UPDATE NO ACTION,
  ADD CONSTRAINT `transfer_detail_ibfk_2` FOREIGN KEY (`Subject_ID`) REFERENCES `subject` (`Subject_ID`) ON DELETE NO ACTION ON UPDATE NO ACTION,
  ADD CONSTRAINT `transfer_detail_ibfk_3` FOREIGN KEY (`Subject_Ins_ID`) REFERENCES `subject_of_institution` (`Subject_Ins_ID`) ON DELETE NO ACTION ON UPDATE NO ACTION,
  ADD CONSTRAINT `transfer_detail_ibfk_4` FOREIGN KEY (`Transfer_ID`) REFERENCES `transfer` (`Transfer_ID`) ON DELETE NO ACTION ON UPDATE NO ACTION;

--
-- Constraints for table `user`
--
ALTER TABLE `user`
  ADD CONSTRAINT `user_ibfk_1` FOREIGN KEY (`Userlevel_ID`) REFERENCES `userlevel` (`Userlevel_ID`) ON DELETE NO ACTION ON UPDATE NO ACTION;

/*!40101 SET CHARACTER_SET_CLIENT=@OLD_CHARACTER_SET_CLIENT */;
/*!40101 SET CHARACTER_SET_RESULTS=@OLD_CHARACTER_SET_RESULTS */;
/*!40101 SET COLLATION_CONNECTION=@OLD_COLLATION_CONNECTION */;
